product_id	shop_id	price_strength_level	product_strength_score	coupon_after_price	is_warn	warn_type	data_dt	dt
prod_1371	shop_003	优秀	83	78.86	否		2025-01-01	2025-01-01
prod_1033	shop_002	优秀	85	611.75	否		2025-01-01	2025-01-01
prod_1262	shop_003	优秀	63	462.36	否		2025-01-01	2025-01-01
prod_1020	shop_003	优秀	81	79.86	否		2025-01-01	2025-01-01
prod_1351	shop_002	较差	76	393.88	是	低价格力	2025-01-01	2025-01-01
prod_1232	shop_003	良好	73	568.29	否		2025-01-01	2025-01-01
prod_1253	shop_001	优秀	91	615.69	否		2025-01-01	2025-01-01
prod_1318	shop_001	良好	52	30.53	否		2025-01-01	2025-01-01
prod_1242	shop_003	优秀	67	71.52	否		2025-01-01	2025-01-01
prod_1226	shop_002	优秀	50	742.54	否		2025-01-01	2025-01-01
prod_1159	shop_003	较差	79	443.17	是	低价格力	2025-01-01	2025-01-01
prod_1393	shop_002	优秀	99	586.2	否		2025-01-01	2025-01-01
prod_1088	shop_002	良好	100	540.75	否		2025-01-01	2025-01-01
prod_1085	shop_002	良好	69	444.72	否		2025-01-01	2025-01-01
prod_1209	shop_003	较差	62	761.09	是	低价格力	2025-01-01	2025-01-01
prod_1137	shop_001	优秀	86	74.0	否		2025-01-01	2025-01-01
prod_1493	shop_001	较差	68	335.74	是	低价格力	2025-01-01	2025-01-01
prod_1022	shop_003	优秀	91	554.46	否		2025-01-01	2025-01-01
prod_1100	shop_002	较差	54	317.8	是	低价格力	2025-01-01	2025-01-01
prod_1219	shop_001	优秀	99	648.54	否		2025-01-01	2025-01-01
prod_1008	shop_003	优秀	86	71.49	否		2025-01-01	2025-01-01
prod_1409	shop_002	较差	80	68.23	是	低价格力	2025-01-01	2025-01-01
prod_1275	shop_003	较差	90	774.35	是	低价格力	2025-01-01	2025-01-01
prod_1155	shop_001	较差	57	369.42	是	低价格力	2025-01-01	2025-01-01
prod_1186	shop_001	较差	67	25.52	是	低价格力	2025-01-01	2025-01-01
prod_1050	shop_001	较差	77	371.38	是	低价格力	2025-01-01	2025-01-01
prod_1288	shop_002	优秀	67	684.82	否		2025-01-01	2025-01-01
prod_1077	shop_003	良好	52	563.42	否		2025-01-01	2025-01-01
prod_1021	shop_003	较差	80	530.02	是	低价格力	2025-01-01	2025-01-01
prod_1163	shop_003	优秀	58	734.93	否		2025-01-01	2025-01-01
prod_1245	shop_002	较差	68	499.38	是	低价格力	2025-01-01	2025-01-01
prod_1119	shop_001	优秀	61	104.05	否		2025-01-01	2025-01-01
prod_1341	shop_003	优秀	63	738.94	否		2025-01-01	2025-01-01
prod_1487	shop_001	优秀	50	758.64	否		2025-01-01	2025-01-01
prod_1179	shop_003	优秀	83	158.87	否		2025-01-01	2025-01-01
prod_1196	shop_001	良好	59	728.23	否		2025-01-01	2025-01-01
prod_1039	shop_001	良好	65	278.79	否		2025-01-01	2025-01-01
prod_1372	shop_001	优秀	88	214.34	否		2025-01-01	2025-01-01
prod_1353	shop_001	较差	84	295.58	是	低价格力	2025-01-01	2025-01-01
prod_1248	shop_001	较差	95	14.96	是	低价格力	2025-01-01	2025-01-01
prod_1113	shop_001	较差	51	500.73	是	低价格力	2025-01-01	2025-01-01
prod_1184	shop_003	优秀	60	612.33	否		2025-01-01	2025-01-01
prod_1203	shop_001	良好	92	516.25	否		2025-01-01	2025-01-01
prod_1058	shop_003	良好	68	329.12	否		2025-01-01	2025-01-01
prod_1399	shop_001	优秀	57	442.82	否		2025-01-01	2025-01-01
prod_1171	shop_002	较差	75	761.03	是	低价格力	2025-01-01	2025-01-01
prod_1216	shop_003	良好	65	495.22	否		2025-01-01	2025-01-01
prod_1228	shop_003	优秀	55	558.49	否		2025-01-01	2025-01-01
prod_1301	shop_001	优秀	99	355.94	否		2025-01-01	2025-01-01
prod_1118	shop_003	较差	57	703.87	是	低价格力	2025-01-01	2025-01-01
prod_1291	shop_001	良好	85	691.24	否		2025-01-01	2025-01-01
prod_1127	shop_003	较差	60	237.7	是	低价格力	2025-01-01	2025-01-01
prod_1295	shop_002	良好	53	579.2	否		2025-01-01	2025-01-01
prod_1491	shop_003	良好	100	323.12	否		2025-01-01	2025-01-01
prod_1440	shop_003	优秀	100	555.49	否		2025-01-01	2025-01-01
prod_1377	shop_003	良好	50	178.8	否		2025-01-01	2025-01-01
prod_1019	shop_002	较差	99	10.05	是	低价格力	2025-01-01	2025-01-01
prod_1097	shop_002	良好	56	780.42	否		2025-01-01	2025-01-01
prod_1479	shop_002	优秀	69	109.66	否		2025-01-01	2025-01-01
prod_1005	shop_002	优秀	97	427.93	否		2025-01-01	2025-01-01
prod_1271	shop_003	优秀	91	719.5	否		2025-01-02	2025-01-02
prod_1037	shop_001	良好	82	492.21	否		2025-01-02	2025-01-02
prod_1322	shop_003	良好	77	217.76	否		2025-01-02	2025-01-02
prod_1355	shop_003	良好	79	184.29	否		2025-01-02	2025-01-02
prod_1487	shop_002	较差	71	261.26	是	低价格力	2025-01-02	2025-01-02
prod_1167	shop_002	较差	54	269.97	是	低价格力	2025-01-02	2025-01-02
prod_1202	shop_002	良好	97	570.71	否		2025-01-02	2025-01-02
prod_1145	shop_002	较差	98	56.14	是	低价格力	2025-01-02	2025-01-02
prod_1099	shop_002	优秀	58	171.3	否		2025-01-02	2025-01-02
prod_1480	shop_003	良好	81	515.05	否		2025-01-02	2025-01-02
prod_1266	shop_001	优秀	54	516.11	否		2025-01-02	2025-01-02
prod_1450	shop_003	良好	53	228.26	否		2025-01-02	2025-01-02
prod_1210	shop_001	优秀	85	616.05	否		2025-01-02	2025-01-02
prod_1385	shop_001	优秀	54	556.62	否		2025-01-02	2025-01-02
prod_1020	shop_003	优秀	96	532.05	否		2025-01-02	2025-01-02
prod_1498	shop_003	较差	100	619.13	是	低价格力	2025-01-02	2025-01-02
prod_1200	shop_003	优秀	84	335.57	否		2025-01-02	2025-01-02
prod_1393	shop_003	优秀	72	385.86	否		2025-01-02	2025-01-02
prod_1342	shop_001	优秀	78	338.34	否		2025-01-02	2025-01-02
prod_1257	shop_001	较差	83	124.17	是	低价格力	2025-01-02	2025-01-02
prod_1016	shop_002	较差	95	502.57	是	低价格力	2025-01-02	2025-01-02
prod_1009	shop_003	良好	72	339.08	否		2025-01-02	2025-01-02
prod_1121	shop_002	良好	99	245.44	否		2025-01-02	2025-01-02
prod_1277	shop_003	优秀	79	231.13	否		2025-01-02	2025-01-02
prod_1018	shop_002	良好	68	522.1	否		2025-01-02	2025-01-02
prod_1249	shop_002	优秀	83	573.13	否		2025-01-02	2025-01-02
prod_1065	shop_001	优秀	90	344.81	否		2025-01-02	2025-01-02
prod_1104	shop_001	优秀	51	248.76	否		2025-01-02	2025-01-02
prod_1281	shop_001	优秀	85	198.59	否		2025-01-02	2025-01-02
prod_1345	shop_001	优秀	78	534.32	否		2025-01-02	2025-01-02
prod_1199	shop_001	较差	52	728.59	是	低价格力	2025-01-02	2025-01-02
prod_1156	shop_001	较差	75	489.98	是	低价格力	2025-01-02	2025-01-02
prod_1220	shop_002	良好	76	299.0	否		2025-01-02	2025-01-02
prod_1427	shop_002	优秀	68	783.2	否		2025-01-02	2025-01-02
prod_1089	shop_001	良好	92	729.47	否		2025-01-02	2025-01-02
prod_1063	shop_002	优秀	80	505.03	否		2025-01-02	2025-01-02
prod_1413	shop_002	良好	84	167.86	否		2025-01-02	2025-01-02
prod_1236	shop_003	优秀	69	410.13	否		2025-01-02	2025-01-02
prod_1462	shop_002	良好	85	159.96	否		2025-01-02	2025-01-02
prod_1382	shop_001	较差	53	725.76	是	低价格力	2025-01-02	2025-01-02
prod_1075	shop_002	优秀	57	413.15	否		2025-01-02	2025-01-02
prod_1381	shop_003	优秀	81	300.18	否		2025-01-02	2025-01-02
prod_1289	shop_001	较差	88	734.94	是	低价格力	2025-01-02	2025-01-02
prod_1014	shop_002	较差	68	669.05	是	低价格力	2025-01-02	2025-01-02
prod_1491	shop_003	较差	60	219.5	是	低价格力	2025-01-02	2025-01-02
prod_1102	shop_003	优秀	86	189.52	否		2025-01-02	2025-01-02
prod_1062	shop_002	优秀	65	621.48	否		2025-01-02	2025-01-02
prod_1192	shop_001	较差	94	129.13	是	低价格力	2025-01-02	2025-01-02
prod_1114	shop_001	良好	59	488.3	否		2025-01-02	2025-01-02
prod_1032	shop_003	较差	94	19.96	是	低价格力	2025-01-02	2025-01-02
prod_1483	shop_001	较差	80	530.54	是	低价格力	2025-01-02	2025-01-02
prod_1313	shop_001	较差	65	62.61	是	低价格力	2025-01-02	2025-01-02
prod_1470	shop_001	优秀	82	457.24	否		2025-01-02	2025-01-02
prod_1190	shop_003	良好	89	53.39	否		2025-01-02	2025-01-02
prod_1358	shop_003	优秀	61	518.48	否		2025-01-02	2025-01-02
prod_1178	shop_003	优秀	64	757.5	否		2025-01-02	2025-01-02
prod_1308	shop_003	良好	94	610.08	否		2025-01-02	2025-01-02
prod_1128	shop_001	优秀	97	320.12	否		2025-01-02	2025-01-02
prod_1329	shop_003	良好	73	136.76	否		2025-01-02	2025-01-02
prod_1048	shop_001	良好	100	710.34	否		2025-01-02	2025-01-02
prod_1004	shop_002	良好	89	191.68	否		2025-01-03	2025-01-03
prod_1261	shop_002	较差	57	339.77	是	低价格力	2025-01-03	2025-01-03
prod_1111	shop_001	优秀	79	463.21	否		2025-01-03	2025-01-03
prod_1313	shop_003	较差	50	156.49	是	低价格力	2025-01-03	2025-01-03
prod_1311	shop_003	较差	98	644.54	是	低价格力	2025-01-03	2025-01-03
prod_1433	shop_003	良好	74	430.6	否		2025-01-03	2025-01-03
prod_1192	shop_001	较差	88	89.32	是	低价格力	2025-01-03	2025-01-03
prod_1103	shop_002	优秀	55	697.45	否		2025-01-03	2025-01-03
prod_1054	shop_003	优秀	59	522.78	否		2025-01-03	2025-01-03
prod_1182	shop_002	优秀	60	51.61	否		2025-01-03	2025-01-03
prod_1045	shop_002	良好	55	183.98	否		2025-01-03	2025-01-03
prod_1236	shop_001	较差	72	173.8	是	低价格力	2025-01-03	2025-01-03
prod_1424	shop_003	较差	80	484.18	是	低价格力	2025-01-03	2025-01-03
prod_1378	shop_002	良好	85	624.65	否		2025-01-03	2025-01-03
prod_1177	shop_001	较差	77	114.16	是	低价格力	2025-01-03	2025-01-03
prod_1340	shop_001	较差	92	613.97	是	低价格力	2025-01-03	2025-01-03
prod_1010	shop_003	良好	53	767.1	否		2025-01-03	2025-01-03
prod_1204	shop_001	较差	69	480.34	是	低价格力	2025-01-03	2025-01-03
prod_1327	shop_003	较差	62	501.68	是	低价格力	2025-01-03	2025-01-03
prod_1181	shop_002	良好	90	565.77	否		2025-01-03	2025-01-03
prod_1499	shop_002	较差	77	416.4	是	低价格力	2025-01-03	2025-01-03
prod_1417	shop_001	良好	57	663.57	否		2025-01-03	2025-01-03
prod_1094	shop_001	优秀	63	452.83	否		2025-01-03	2025-01-03
prod_1377	shop_002	较差	96	66.88	是	低价格力	2025-01-03	2025-01-03
prod_1066	shop_003	良好	98	700.09	否		2025-01-03	2025-01-03
prod_1100	shop_002	优秀	84	31.17	否		2025-01-03	2025-01-03
prod_1374	shop_002	优秀	66	541.99	否		2025-01-03	2025-01-03
prod_1218	shop_002	较差	93	257.67	是	低价格力	2025-01-03	2025-01-03
prod_1295	shop_002	较差	99	54.16	是	低价格力	2025-01-03	2025-01-03
prod_1202	shop_003	优秀	89	477.59	否		2025-01-03	2025-01-03
prod_1272	shop_001	良好	89	237.71	否		2025-01-03	2025-01-03
prod_1064	shop_003	较差	58	170.43	是	低价格力	2025-01-03	2025-01-03
prod_1146	shop_003	良好	78	746.53	否		2025-01-03	2025-01-03
prod_1155	shop_001	良好	58	22.46	否		2025-01-03	2025-01-03
prod_1141	shop_001	优秀	87	221.65	否		2025-01-03	2025-01-03
prod_1203	shop_001	良好	55	359.99	否		2025-01-03	2025-01-03
prod_1237	shop_001	优秀	57	144.11	否		2025-01-03	2025-01-03
prod_1037	shop_001	较差	100	500.4	是	低价格力	2025-01-03	2025-01-03
prod_1190	shop_002	优秀	82	557.11	否		2025-01-03	2025-01-03
prod_1465	shop_003	较差	91	774.85	是	低价格力	2025-01-03	2025-01-03
prod_1386	shop_001	较差	51	424.73	是	低价格力	2025-01-03	2025-01-03
prod_1241	shop_003	良好	78	612.27	否		2025-01-03	2025-01-03
prod_1391	shop_002	良好	100	69.61	否		2025-01-03	2025-01-03
prod_1410	shop_003	优秀	56	286.9	否		2025-01-03	2025-01-03
prod_1442	shop_002	优秀	66	763.97	否		2025-01-03	2025-01-03
prod_1472	shop_003	良好	92	758.53	否		2025-01-03	2025-01-03
prod_1407	shop_003	良好	74	649.49	否		2025-01-03	2025-01-03
prod_1432	shop_001	较差	98	89.14	是	低价格力	2025-01-03	2025-01-03
prod_1376	shop_001	优秀	64	10.7	否		2025-01-03	2025-01-03
prod_1249	shop_002	良好	61	686.93	否		2025-01-03	2025-01-03
prod_1486	shop_003	优秀	64	617.73	否		2025-01-03	2025-01-03
prod_1172	shop_001	良好	51	692.48	否		2025-01-03	2025-01-03
prod_1479	shop_003	优秀	100	575.13	否		2025-01-03	2025-01-03
prod_1253	shop_003	优秀	88	364.66	否		2025-01-03	2025-01-03
prod_1476	shop_001	良好	52	375.35	否		2025-01-03	2025-01-03
prod_1265	shop_001	良好	82	114.41	否		2025-01-03	2025-01-03
prod_1460	shop_002	良好	67	270.68	否		2025-01-03	2025-01-03
prod_1297	shop_001	良好	79	240.07	否		2025-01-03	2025-01-03
prod_1300	shop_001	良好	85	552.99	否		2025-01-03	2025-01-03
prod_1200	shop_002	较差	80	147.62	是	低价格力	2025-01-03	2025-01-03
prod_1068	shop_003	优秀	94	606.69	否		2025-01-04	2025-01-04
prod_1466	shop_003	较差	68	92.85	是	低价格力	2025-01-04	2025-01-04
prod_1299	shop_003	优秀	78	761.85	否		2025-01-04	2025-01-04
prod_1248	shop_002	良好	68	508.59	否		2025-01-04	2025-01-04
prod_1289	shop_003	良好	77	96.93	否		2025-01-04	2025-01-04
prod_1158	shop_002	优秀	99	31.02	否		2025-01-04	2025-01-04
prod_1357	shop_002	较差	100	724.13	是	低价格力	2025-01-04	2025-01-04
prod_1115	shop_002	优秀	67	638.68	否		2025-01-04	2025-01-04
prod_1047	shop_003	较差	62	33.82	是	低价格力	2025-01-04	2025-01-04
prod_1076	shop_003	较差	57	168.44	是	低价格力	2025-01-04	2025-01-04
prod_1154	shop_001	较差	74	752.11	是	低价格力	2025-01-04	2025-01-04
prod_1039	shop_001	优秀	57	570.06	否		2025-01-04	2025-01-04
prod_1325	shop_001	较差	87	222.0	是	低价格力	2025-01-04	2025-01-04
prod_1338	shop_001	较差	67	234.62	是	低价格力	2025-01-04	2025-01-04
prod_1279	shop_001	优秀	94	42.75	否		2025-01-04	2025-01-04
prod_1467	shop_001	良好	95	156.76	否		2025-01-04	2025-01-04
prod_1146	shop_002	较差	92	344.87	是	低价格力	2025-01-04	2025-01-04
prod_1203	shop_001	优秀	69	238.99	否		2025-01-04	2025-01-04
prod_1017	shop_002	优秀	62	179.14	否		2025-01-04	2025-01-04
prod_1096	shop_002	优秀	99	115.55	否		2025-01-04	2025-01-04
prod_1362	shop_003	良好	87	616.5	否		2025-01-04	2025-01-04
prod_1486	shop_002	优秀	50	455.39	否		2025-01-04	2025-01-04
prod_1374	shop_003	较差	53	69.29	是	低价格力	2025-01-04	2025-01-04
prod_1099	shop_001	良好	80	110.45	否		2025-01-04	2025-01-04
prod_1171	shop_002	较差	76	299.47	是	低价格力	2025-01-04	2025-01-04
prod_1182	shop_003	优秀	81	734.59	否		2025-01-04	2025-01-04
prod_1313	shop_002	较差	100	190.75	是	低价格力	2025-01-04	2025-01-04
prod_1472	shop_002	良好	86	704.32	否		2025-01-04	2025-01-04
prod_1131	shop_003	较差	96	623.63	是	低价格力	2025-01-04	2025-01-04
prod_1226	shop_003	较差	83	361.13	是	低价格力	2025-01-04	2025-01-04
prod_1148	shop_001	较差	87	463.06	是	低价格力	2025-01-04	2025-01-04
prod_1309	shop_002	较差	78	454.4	是	低价格力	2025-01-04	2025-01-04
prod_1345	shop_001	良好	54	294.16	否		2025-01-04	2025-01-04
prod_1432	shop_002	良好	72	773.94	否		2025-01-04	2025-01-04
prod_1156	shop_003	较差	96	797.73	是	低价格力	2025-01-04	2025-01-04
prod_1153	shop_002	较差	51	678.23	是	低价格力	2025-01-04	2025-01-04
prod_1211	shop_001	良好	91	96.64	否		2025-01-04	2025-01-04
prod_1333	shop_002	良好	80	122.49	否		2025-01-04	2025-01-04
prod_1382	shop_002	较差	86	98.86	是	低价格力	2025-01-04	2025-01-04
prod_1379	shop_003	良好	52	88.57	否		2025-01-04	2025-01-04
prod_1261	shop_003	较差	73	269.49	是	低价格力	2025-01-04	2025-01-04
prod_1287	shop_002	良好	82	387.48	否		2025-01-04	2025-01-04
prod_1111	shop_002	良好	84	176.88	否		2025-01-04	2025-01-04
prod_1003	shop_003	优秀	96	312.75	否		2025-01-04	2025-01-04
prod_1084	shop_002	优秀	69	28.65	否		2025-01-04	2025-01-04
prod_1069	shop_003	较差	76	554.59	是	低价格力	2025-01-04	2025-01-04
prod_1422	shop_003	良好	89	375.03	否		2025-01-04	2025-01-04
prod_1170	shop_003	优秀	59	338.91	否		2025-01-04	2025-01-04
prod_1085	shop_001	优秀	86	536.84	否		2025-01-04	2025-01-04
prod_1033	shop_003	优秀	67	568.06	否		2025-01-04	2025-01-04
prod_1021	shop_002	优秀	93	31.91	否		2025-01-04	2025-01-04
prod_1320	shop_001	优秀	69	249.25	否		2025-01-04	2025-01-04
prod_1087	shop_003	较差	85	704.89	是	低价格力	2025-01-04	2025-01-04
prod_1208	shop_001	良好	90	159.67	否		2025-01-04	2025-01-04
prod_1177	shop_002	较差	78	373.27	是	低价格力	2025-01-04	2025-01-04
prod_1444	shop_003	较差	96	11.88	是	低价格力	2025-01-04	2025-01-04
prod_1412	shop_001	较差	68	235.3	是	低价格力	2025-01-04	2025-01-04
prod_1181	shop_003	较差	83	118.74	是	低价格力	2025-01-04	2025-01-04
prod_1012	shop_001	较差	71	105.28	是	低价格力	2025-01-04	2025-01-04
prod_1402	shop_001	优秀	51	376.97	否		2025-01-04	2025-01-04
prod_1067	shop_001	优秀	63	108.82	否		2025-01-05	2025-01-05
prod_1390	shop_003	良好	51	559.92	否		2025-01-05	2025-01-05
prod_1386	shop_002	优秀	51	243.08	否		2025-01-05	2025-01-05
prod_1451	shop_003	较差	69	97.67	是	低价格力	2025-01-05	2025-01-05
prod_1351	shop_003	优秀	61	279.04	否		2025-01-05	2025-01-05
prod_1186	shop_003	较差	50	246.73	是	低价格力	2025-01-05	2025-01-05
prod_1159	shop_002	良好	94	733.95	否		2025-01-05	2025-01-05
prod_1262	shop_002	较差	54	131.12	是	低价格力	2025-01-05	2025-01-05
prod_1398	shop_002	优秀	87	252.28	否		2025-01-05	2025-01-05
prod_1190	shop_003	优秀	99	440.72	否		2025-01-05	2025-01-05
prod_1261	shop_003	良好	69	267.29	否		2025-01-05	2025-01-05
prod_1315	shop_002	优秀	70	666.14	否		2025-01-05	2025-01-05
prod_1011	shop_001	较差	96	119.05	是	低价格力	2025-01-05	2025-01-05
prod_1458	shop_002	良好	51	484.6	否		2025-01-05	2025-01-05
prod_1293	shop_002	良好	62	134.46	否		2025-01-05	2025-01-05
prod_1423	shop_003	良好	84	345.87	否		2025-01-05	2025-01-05
prod_1042	shop_001	优秀	89	535.49	否		2025-01-05	2025-01-05
prod_1434	shop_001	优秀	82	75.51	否		2025-01-05	2025-01-05
prod_1358	shop_001	较差	84	742.67	是	低价格力	2025-01-05	2025-01-05
prod_1162	shop_002	较差	100	495.3	是	低价格力	2025-01-05	2025-01-05
prod_1009	shop_003	优秀	94	434.01	否		2025-01-05	2025-01-05
prod_1195	shop_002	较差	54	613.42	是	低价格力	2025-01-05	2025-01-05
prod_1219	shop_002	较差	86	753.29	是	低价格力	2025-01-05	2025-01-05
prod_1063	shop_003	良好	65	50.65	否		2025-01-05	2025-01-05
prod_1483	shop_001	良好	74	287.16	否		2025-01-05	2025-01-05
prod_1010	shop_003	较差	71	21.17	是	低价格力	2025-01-05	2025-01-05
prod_1300	shop_002	较差	99	184.15	是	低价格力	2025-01-05	2025-01-05
prod_1285	shop_003	优秀	55	68.2	否		2025-01-05	2025-01-05
prod_1313	shop_002	优秀	68	725.18	否		2025-01-05	2025-01-05
prod_1122	shop_002	良好	52	214.55	否		2025-01-05	2025-01-05
prod_1015	shop_001	较差	71	617.05	是	低价格力	2025-01-05	2025-01-05
prod_1191	shop_002	优秀	59	570.16	否		2025-01-05	2025-01-05
prod_1095	shop_003	较差	88	292.76	是	低价格力	2025-01-05	2025-01-05
prod_1114	shop_001	较差	87	97.48	是	低价格力	2025-01-05	2025-01-05
prod_1069	shop_001	较差	56	163.38	是	低价格力	2025-01-05	2025-01-05
prod_1402	shop_001	良好	94	320.32	否		2025-01-05	2025-01-05
prod_1097	shop_002	优秀	80	97.75	否		2025-01-05	2025-01-05
prod_1497	shop_003	良好	68	338.43	否		2025-01-05	2025-01-05
prod_1092	shop_003	良好	68	487.58	否		2025-01-05	2025-01-05
prod_1310	shop_003	良好	63	595.21	否		2025-01-05	2025-01-05
prod_1154	shop_002	较差	82	368.56	是	低价格力	2025-01-05	2025-01-05
prod_1208	shop_003	较差	96	236.94	是	低价格力	2025-01-05	2025-01-05
prod_1022	shop_001	良好	97	689.28	否		2025-01-05	2025-01-05
prod_1222	shop_003	良好	86	446.22	否		2025-01-05	2025-01-05
prod_1411	shop_002	优秀	73	89.24	否		2025-01-05	2025-01-05
prod_1242	shop_002	良好	56	184.62	否		2025-01-05	2025-01-05
prod_1407	shop_001	较差	96	589.04	是	低价格力	2025-01-05	2025-01-05
prod_1075	shop_001	良好	97	524.2	否		2025-01-05	2025-01-05
prod_1080	shop_001	优秀	79	361.84	否		2025-01-05	2025-01-05
prod_1442	shop_002	良好	96	370.14	否		2025-01-05	2025-01-05
prod_1036	shop_002	优秀	50	26.38	否		2025-01-05	2025-01-05
prod_1230	shop_002	较差	84	253.49	是	低价格力	2025-01-05	2025-01-05
prod_1247	shop_003	良好	80	111.98	否		2025-01-05	2025-01-05
prod_1212	shop_003	优秀	57	404.4	否		2025-01-05	2025-01-05
prod_1206	shop_003	优秀	68	23.77	否		2025-01-05	2025-01-05
prod_1400	shop_002	较差	95	366.47	是	低价格力	2025-01-05	2025-01-05
prod_1307	shop_001	优秀	78	227.14	否		2025-01-05	2025-01-05
prod_1071	shop_002	优秀	78	796.11	否		2025-01-05	2025-01-05
prod_1058	shop_001	优秀	54	529.46	否		2025-01-05	2025-01-05
prod_1336	shop_001	优秀	85	504.79	否		2025-01-05	2025-01-05
prod_1131	shop_002	良好	68	779.6	否		2025-01-06	2025-01-06
prod_1185	shop_002	较差	94	297.86	是	低价格力	2025-01-06	2025-01-06
prod_1105	shop_001	优秀	59	257.33	否		2025-01-06	2025-01-06
prod_1311	shop_001	较差	87	393.99	是	低价格力	2025-01-06	2025-01-06
prod_1020	shop_001	良好	58	516.79	否		2025-01-06	2025-01-06
prod_1085	shop_001	优秀	52	52.47	否		2025-01-06	2025-01-06
prod_1360	shop_001	良好	95	709.18	否		2025-01-06	2025-01-06
prod_1451	shop_002	优秀	77	37.14	否		2025-01-06	2025-01-06
prod_1027	shop_001	优秀	63	72.86	否		2025-01-06	2025-01-06
prod_1143	shop_001	良好	59	182.12	否		2025-01-06	2025-01-06
prod_1482	shop_003	良好	94	525.91	否		2025-01-06	2025-01-06
prod_1403	shop_001	优秀	59	12.57	否		2025-01-06	2025-01-06
prod_1234	shop_001	较差	70	340.16	是	低价格力	2025-01-06	2025-01-06
prod_1393	shop_002	良好	67	163.67	否		2025-01-06	2025-01-06
prod_1124	shop_002	良好	55	448.83	否		2025-01-06	2025-01-06
prod_1200	shop_003	优秀	54	380.96	否		2025-01-06	2025-01-06
prod_1175	shop_002	良好	64	66.96	否		2025-01-06	2025-01-06
prod_1095	shop_003	较差	76	650.6	是	低价格力	2025-01-06	2025-01-06
prod_1495	shop_003	较差	77	407.78	是	低价格力	2025-01-06	2025-01-06
prod_1475	shop_003	良好	70	194.58	否		2025-01-06	2025-01-06
prod_1476	shop_001	优秀	56	156.11	否		2025-01-06	2025-01-06
prod_1336	shop_001	优秀	80	568.31	否		2025-01-06	2025-01-06
prod_1329	shop_001	优秀	70	223.35	否		2025-01-06	2025-01-06
prod_1119	shop_001	较差	65	75.54	是	低价格力	2025-01-06	2025-01-06
prod_1294	shop_001	优秀	96	103.8	否		2025-01-06	2025-01-06
prod_1427	shop_002	良好	90	342.35	否		2025-01-06	2025-01-06
prod_1315	shop_001	较差	66	710.16	是	低价格力	2025-01-06	2025-01-06
prod_1073	shop_003	良好	99	184.54	否		2025-01-06	2025-01-06
prod_1435	shop_001	良好	68	221.25	否		2025-01-06	2025-01-06
prod_1265	shop_003	优秀	99	564.69	否		2025-01-06	2025-01-06
prod_1496	shop_003	较差	75	325.17	是	低价格力	2025-01-06	2025-01-06
prod_1437	shop_001	优秀	53	684.5	否		2025-01-06	2025-01-06
prod_1079	shop_002	优秀	83	389.49	否		2025-01-06	2025-01-06
prod_1261	shop_003	良好	83	675.94	否		2025-01-06	2025-01-06
prod_1353	shop_001	良好	86	675.93	否		2025-01-06	2025-01-06
prod_1449	shop_002	较差	51	270.31	是	低价格力	2025-01-06	2025-01-06
prod_1135	shop_001	良好	89	499.38	否		2025-01-06	2025-01-06
prod_1493	shop_002	优秀	67	679.2	否		2025-01-06	2025-01-06
prod_1154	shop_001	良好	76	655.46	否		2025-01-06	2025-01-06
prod_1168	shop_002	良好	78	27.61	否		2025-01-06	2025-01-06
prod_1415	shop_003	良好	50	663.25	否		2025-01-06	2025-01-06
prod_1479	shop_002	良好	51	485.01	否		2025-01-06	2025-01-06
prod_1374	shop_002	较差	68	593.08	是	低价格力	2025-01-06	2025-01-06
prod_1069	shop_001	优秀	89	39.51	否		2025-01-06	2025-01-06
prod_1432	shop_003	优秀	62	596.53	否		2025-01-06	2025-01-06
prod_1238	shop_001	良好	89	97.88	否		2025-01-06	2025-01-06
prod_1207	shop_002	较差	83	233.75	是	低价格力	2025-01-06	2025-01-06
prod_1218	shop_003	较差	69	457.57	是	低价格力	2025-01-06	2025-01-06
prod_1174	shop_003	较差	88	196.34	是	低价格力	2025-01-06	2025-01-06
prod_1014	shop_003	优秀	78	205.77	否		2025-01-06	2025-01-06
prod_1404	shop_003	优秀	67	171.91	否		2025-01-06	2025-01-06
prod_1313	shop_001	优秀	98	67.11	否		2025-01-06	2025-01-06
prod_1083	shop_002	优秀	71	171.79	否		2025-01-06	2025-01-06
prod_1453	shop_003	良好	86	230.85	否		2025-01-06	2025-01-06
prod_1035	shop_003	较差	70	778.1	是	低价格力	2025-01-06	2025-01-06
prod_1242	shop_003	良好	52	420.79	否		2025-01-06	2025-01-06
prod_1029	shop_003	优秀	96	630.45	否		2025-01-06	2025-01-06
prod_1086	shop_003	优秀	58	586.68	否		2025-01-06	2025-01-06
prod_1121	shop_001	较差	52	52.01	是	低价格力	2025-01-06	2025-01-06
prod_1297	shop_003	良好	51	471.22	否		2025-01-06	2025-01-06
prod_1304	shop_002	良好	83	592.48	否		2025-01-07	2025-01-07
prod_1125	shop_001	较差	98	791.84	是	低价格力	2025-01-07	2025-01-07
prod_1105	shop_002	优秀	82	547.94	否		2025-01-07	2025-01-07
prod_1048	shop_003	较差	93	114.9	是	低价格力	2025-01-07	2025-01-07
prod_1100	shop_003	优秀	83	26.53	否		2025-01-07	2025-01-07
prod_1327	shop_002	较差	63	53.69	是	低价格力	2025-01-07	2025-01-07
prod_1381	shop_003	较差	55	471.9	是	低价格力	2025-01-07	2025-01-07
prod_1094	shop_001	优秀	78	119.16	否		2025-01-07	2025-01-07
prod_1182	shop_001	优秀	80	178.36	否		2025-01-07	2025-01-07
prod_1269	shop_001	良好	64	281.87	否		2025-01-07	2025-01-07
prod_1138	shop_002	较差	72	466.84	是	低价格力	2025-01-07	2025-01-07
prod_1072	shop_002	较差	71	662.16	是	低价格力	2025-01-07	2025-01-07
prod_1113	shop_003	良好	50	50.92	否		2025-01-07	2025-01-07
prod_1491	shop_002	较差	75	569.05	是	低价格力	2025-01-07	2025-01-07
prod_1132	shop_003	优秀	61	63.31	否		2025-01-07	2025-01-07
prod_1263	shop_002	较差	55	658.72	是	低价格力	2025-01-07	2025-01-07
prod_1241	shop_001	较差	93	265.8	是	低价格力	2025-01-07	2025-01-07
prod_1014	shop_001	良好	71	610.91	否		2025-01-07	2025-01-07
prod_1052	shop_001	较差	77	40.29	是	低价格力	2025-01-07	2025-01-07
prod_1001	shop_003	较差	95	273.42	是	低价格力	2025-01-07	2025-01-07
prod_1093	shop_002	良好	66	291.25	否		2025-01-07	2025-01-07
prod_1141	shop_003	良好	62	561.98	否		2025-01-07	2025-01-07
prod_1143	shop_001	良好	76	465.71	否		2025-01-07	2025-01-07
prod_1082	shop_002	较差	91	204.38	是	低价格力	2025-01-07	2025-01-07
prod_1121	shop_001	良好	71	661.01	否		2025-01-07	2025-01-07
prod_1357	shop_001	优秀	100	353.87	否		2025-01-07	2025-01-07
prod_1292	shop_003	较差	61	215.74	是	低价格力	2025-01-07	2025-01-07
prod_1159	shop_003	较差	81	757.52	是	低价格力	2025-01-07	2025-01-07
prod_1116	shop_003	良好	59	331.33	否		2025-01-07	2025-01-07
prod_1123	shop_001	优秀	92	740.82	否		2025-01-07	2025-01-07
prod_1426	shop_002	良好	98	110.87	否		2025-01-07	2025-01-07
prod_1126	shop_001	良好	73	694.3	否		2025-01-07	2025-01-07
prod_1347	shop_002	较差	82	390.73	是	低价格力	2025-01-07	2025-01-07
prod_1294	shop_003	优秀	64	191.81	否		2025-01-07	2025-01-07
prod_1312	shop_001	优秀	79	68.57	否		2025-01-07	2025-01-07
prod_1496	shop_002	优秀	57	570.47	否		2025-01-07	2025-01-07
prod_1239	shop_003	较差	85	654.11	是	低价格力	2025-01-07	2025-01-07
prod_1252	shop_002	较差	82	152.03	是	低价格力	2025-01-07	2025-01-07
prod_1012	shop_001	良好	79	447.21	否		2025-01-07	2025-01-07
prod_1379	shop_001	优秀	65	304.48	否		2025-01-07	2025-01-07
prod_1278	shop_003	较差	64	465.49	是	低价格力	2025-01-07	2025-01-07
prod_1354	shop_001	良好	50	606.61	否		2025-01-07	2025-01-07
prod_1408	shop_003	优秀	58	443.0	否		2025-01-07	2025-01-07
prod_1276	shop_001	较差	95	600.18	是	低价格力	2025-01-07	2025-01-07
prod_1266	shop_001	优秀	74	542.09	否		2025-01-07	2025-01-07
prod_1265	shop_001	良好	90	441.92	否		2025-01-07	2025-01-07
prod_1373	shop_001	良好	64	39.8	否		2025-01-07	2025-01-07
prod_1450	shop_003	良好	92	170.47	否		2025-01-07	2025-01-07
prod_1356	shop_003	较差	81	407.27	是	低价格力	2025-01-07	2025-01-07
prod_1318	shop_003	较差	77	526.73	是	低价格力	2025-01-07	2025-01-07
prod_1469	shop_003	优秀	57	10.81	否		2025-01-07	2025-01-07
prod_1283	shop_002	优秀	59	49.8	否		2025-01-07	2025-01-07
prod_1163	shop_002	良好	66	658.24	否		2025-01-07	2025-01-07
prod_1482	shop_001	良好	77	474.34	否		2025-01-07	2025-01-07
prod_1429	shop_003	较差	75	503.32	是	低价格力	2025-01-07	2025-01-07
prod_1353	shop_003	良好	100	53.92	否		2025-01-07	2025-01-07
prod_1305	shop_001	良好	93	611.01	否		2025-01-07	2025-01-07
prod_1150	shop_002	良好	50	777.28	否		2025-01-07	2025-01-07
prod_1261	shop_003	较差	81	543.67	是	低价格力	2025-01-07	2025-01-07
prod_1010	shop_001	良好	54	449.03	否		2025-01-07	2025-01-07
prod_1122	shop_001	优秀	66	349.92	否		2025-01-08	2025-01-08
prod_1118	shop_002	良好	95	439.05	否		2025-01-08	2025-01-08
prod_1071	shop_002	较差	62	132.3	是	低价格力	2025-01-08	2025-01-08
prod_1161	shop_002	良好	98	571.08	否		2025-01-08	2025-01-08
prod_1183	shop_002	优秀	98	677.79	否		2025-01-08	2025-01-08
prod_1429	shop_001	良好	95	629.43	否		2025-01-08	2025-01-08
prod_1390	shop_002	优秀	80	48.34	否		2025-01-08	2025-01-08
prod_1458	shop_002	优秀	90	761.14	否		2025-01-08	2025-01-08
prod_1496	shop_002	优秀	86	482.53	否		2025-01-08	2025-01-08
prod_1335	shop_002	较差	85	227.84	是	低价格力	2025-01-08	2025-01-08
prod_1419	shop_003	良好	68	303.72	否		2025-01-08	2025-01-08
prod_1297	shop_003	优秀	55	302.86	否		2025-01-08	2025-01-08
prod_1162	shop_002	良好	59	20.49	否		2025-01-08	2025-01-08
prod_1201	shop_003	良好	81	666.4	否		2025-01-08	2025-01-08
prod_1134	shop_002	较差	56	631.92	是	低价格力	2025-01-08	2025-01-08
prod_1070	shop_003	较差	100	697.41	是	低价格力	2025-01-08	2025-01-08
prod_1210	shop_002	良好	95	156.02	否		2025-01-08	2025-01-08
prod_1304	shop_002	良好	73	401.09	否		2025-01-08	2025-01-08
prod_1262	shop_002	良好	69	584.62	否		2025-01-08	2025-01-08
prod_1097	shop_003	良好	88	595.2	否		2025-01-08	2025-01-08
prod_1237	shop_003	良好	86	503.94	否		2025-01-08	2025-01-08
prod_1208	shop_001	优秀	52	704.11	否		2025-01-08	2025-01-08
prod_1322	shop_002	较差	54	674.75	是	低价格力	2025-01-08	2025-01-08
prod_1386	shop_001	良好	98	346.35	否		2025-01-08	2025-01-08
prod_1179	shop_003	较差	71	588.81	是	低价格力	2025-01-08	2025-01-08
prod_1303	shop_001	优秀	53	323.23	否		2025-01-08	2025-01-08
prod_1433	shop_003	较差	77	122.49	是	低价格力	2025-01-08	2025-01-08
prod_1353	shop_003	优秀	54	779.81	否		2025-01-08	2025-01-08
prod_1277	shop_001	优秀	54	401.18	否		2025-01-08	2025-01-08
prod_1314	shop_002	优秀	95	444.95	否		2025-01-08	2025-01-08
prod_1016	shop_003	良好	55	451.06	否		2025-01-08	2025-01-08
prod_1260	shop_002	较差	72	390.15	是	低价格力	2025-01-08	2025-01-08
prod_1431	shop_001	较差	79	39.2	是	低价格力	2025-01-08	2025-01-08
prod_1081	shop_003	优秀	72	432.67	否		2025-01-08	2025-01-08
prod_1261	shop_002	良好	68	43.92	否		2025-01-08	2025-01-08
prod_1217	shop_001	良好	72	290.87	否		2025-01-08	2025-01-08
prod_1446	shop_001	较差	91	42.21	是	低价格力	2025-01-08	2025-01-08
prod_1292	shop_003	良好	57	63.67	否		2025-01-08	2025-01-08
prod_1065	shop_002	优秀	57	94.02	否		2025-01-08	2025-01-08
prod_1435	shop_002	较差	89	393.52	是	低价格力	2025-01-08	2025-01-08
prod_1324	shop_003	良好	91	594.6	否		2025-01-08	2025-01-08
prod_1287	shop_001	较差	93	305.45	是	低价格力	2025-01-08	2025-01-08
prod_1170	shop_003	良好	88	722.8	否		2025-01-08	2025-01-08
prod_1439	shop_002	优秀	52	586.41	否		2025-01-08	2025-01-08
prod_1223	shop_003	较差	82	183.41	是	低价格力	2025-01-08	2025-01-08
prod_1305	shop_002	较差	61	689.84	是	低价格力	2025-01-08	2025-01-08
prod_1492	shop_003	良好	83	683.19	否		2025-01-08	2025-01-08
prod_1321	shop_003	较差	81	112.62	是	低价格力	2025-01-08	2025-01-08
prod_1389	shop_001	优秀	86	550.42	否		2025-01-08	2025-01-08
prod_1099	shop_002	良好	84	212.64	否		2025-01-08	2025-01-08
prod_1462	shop_001	较差	72	246.54	是	低价格力	2025-01-08	2025-01-08
prod_1414	shop_003	较差	67	65.73	是	低价格力	2025-01-08	2025-01-08
prod_1341	shop_002	良好	59	388.64	否		2025-01-08	2025-01-08
prod_1104	shop_001	良好	70	753.42	否		2025-01-08	2025-01-08
prod_1002	shop_001	良好	97	488.22	否		2025-01-08	2025-01-08
prod_1241	shop_001	优秀	98	368.91	否		2025-01-08	2025-01-08
prod_1395	shop_001	良好	90	249.38	否		2025-01-08	2025-01-08
prod_1073	shop_001	优秀	51	224.86	否		2025-01-08	2025-01-08
prod_1258	shop_003	优秀	94	564.58	否		2025-01-08	2025-01-08
prod_1420	shop_001	良好	80	571.53	否		2025-01-08	2025-01-08
prod_1090	shop_001	较差	82	91.51	是	低价格力	2025-01-09	2025-01-09
prod_1177	shop_001	良好	70	475.33	否		2025-01-09	2025-01-09
prod_1245	shop_002	良好	75	13.87	否		2025-01-09	2025-01-09
prod_1430	shop_002	良好	68	115.99	否		2025-01-09	2025-01-09
prod_1232	shop_002	优秀	97	94.54	否		2025-01-09	2025-01-09
prod_1484	shop_003	良好	69	733.39	否		2025-01-09	2025-01-09
prod_1081	shop_003	较差	55	64.99	是	低价格力	2025-01-09	2025-01-09
prod_1032	shop_003	较差	61	722.21	是	低价格力	2025-01-09	2025-01-09
prod_1358	shop_003	较差	81	251.28	是	低价格力	2025-01-09	2025-01-09
prod_1160	shop_003	良好	97	283.58	否		2025-01-09	2025-01-09
prod_1314	shop_002	优秀	88	380.3	否		2025-01-09	2025-01-09
prod_1008	shop_003	较差	53	158.62	是	低价格力	2025-01-09	2025-01-09
prod_1268	shop_002	较差	93	700.45	是	低价格力	2025-01-09	2025-01-09
prod_1393	shop_002	良好	51	30.63	否		2025-01-09	2025-01-09
prod_1185	shop_002	较差	70	266.37	是	低价格力	2025-01-09	2025-01-09
prod_1227	shop_002	良好	52	707.09	否		2025-01-09	2025-01-09
prod_1262	shop_001	较差	79	386.67	是	低价格力	2025-01-09	2025-01-09
prod_1192	shop_003	较差	88	661.55	是	低价格力	2025-01-09	2025-01-09
prod_1251	shop_001	较差	68	260.37	是	低价格力	2025-01-09	2025-01-09
prod_1327	shop_003	较差	100	482.43	是	低价格力	2025-01-09	2025-01-09
prod_1027	shop_001	较差	82	365.69	是	低价格力	2025-01-09	2025-01-09
prod_1368	shop_003	较差	92	265.69	是	低价格力	2025-01-09	2025-01-09
prod_1243	shop_002	良好	79	478.21	否		2025-01-09	2025-01-09
prod_1136	shop_003	良好	59	112.66	否		2025-01-09	2025-01-09
prod_1100	shop_003	较差	50	48.74	是	低价格力	2025-01-09	2025-01-09
prod_1097	shop_002	优秀	65	513.78	否		2025-01-09	2025-01-09
prod_1238	shop_001	较差	62	146.74	是	低价格力	2025-01-09	2025-01-09
prod_1426	shop_002	优秀	83	766.55	否		2025-01-09	2025-01-09
prod_1036	shop_002	较差	94	784.68	是	低价格力	2025-01-09	2025-01-09
prod_1207	shop_002	优秀	90	315.7	否		2025-01-09	2025-01-09
prod_1302	shop_003	良好	69	63.6	否		2025-01-09	2025-01-09
prod_1181	shop_003	较差	55	279.33	是	低价格力	2025-01-09	2025-01-09
prod_1105	shop_001	较差	64	212.71	是	低价格力	2025-01-09	2025-01-09
prod_1282	shop_001	良好	55	651.07	否		2025-01-09	2025-01-09
prod_1068	shop_003	较差	79	338.9	是	低价格力	2025-01-09	2025-01-09
prod_1350	shop_002	较差	53	177.24	是	低价格力	2025-01-09	2025-01-09
prod_1303	shop_002	良好	94	360.73	否		2025-01-09	2025-01-09
prod_1353	shop_003	良好	74	766.27	否		2025-01-09	2025-01-09
prod_1335	shop_003	优秀	77	748.95	否		2025-01-09	2025-01-09
prod_1019	shop_003	较差	52	281.1	是	低价格力	2025-01-09	2025-01-09
prod_1328	shop_001	优秀	98	227.05	否		2025-01-09	2025-01-09
prod_1428	shop_002	良好	88	246.53	否		2025-01-09	2025-01-09
prod_1334	shop_001	优秀	67	56.45	否		2025-01-09	2025-01-09
prod_1380	shop_002	优秀	77	140.07	否		2025-01-09	2025-01-09
prod_1441	shop_003	较差	59	224.09	是	低价格力	2025-01-09	2025-01-09
prod_1063	shop_003	优秀	69	142.04	否		2025-01-09	2025-01-09
prod_1154	shop_002	优秀	65	647.33	否		2025-01-09	2025-01-09
prod_1392	shop_001	良好	78	308.2	否		2025-01-09	2025-01-09
prod_1041	shop_003	优秀	87	522.03	否		2025-01-09	2025-01-09
prod_1114	shop_001	较差	56	578.34	是	低价格力	2025-01-09	2025-01-09
prod_1233	shop_002	良好	56	782.57	否		2025-01-09	2025-01-09
prod_1128	shop_003	良好	89	17.28	否		2025-01-09	2025-01-09
prod_1108	shop_003	较差	92	241.48	是	低价格力	2025-01-09	2025-01-09
prod_1408	shop_003	良好	70	615.17	否		2025-01-09	2025-01-09
prod_1371	shop_001	良好	66	368.71	否		2025-01-09	2025-01-09
prod_1300	shop_001	优秀	77	166.38	否		2025-01-09	2025-01-09
prod_1469	shop_001	优秀	92	162.29	否		2025-01-09	2025-01-09
prod_1175	shop_001	良好	66	588.61	否		2025-01-09	2025-01-09
prod_1265	shop_001	优秀	83	478.58	否		2025-01-09	2025-01-09
prod_1125	shop_001	良好	54	261.15	否		2025-01-09	2025-01-09
prod_1364	shop_002	良好	82	336.78	否		2025-01-10	2025-01-10
prod_1285	shop_002	良好	57	644.42	否		2025-01-10	2025-01-10
prod_1011	shop_001	较差	81	723.74	是	低价格力	2025-01-10	2025-01-10
prod_1303	shop_001	优秀	55	485.65	否		2025-01-10	2025-01-10
prod_1000	shop_002	较差	68	608.2	是	低价格力	2025-01-10	2025-01-10
prod_1374	shop_002	优秀	79	35.54	否		2025-01-10	2025-01-10
prod_1174	shop_001	较差	75	598.05	是	低价格力	2025-01-10	2025-01-10
prod_1408	shop_002	较差	61	623.83	是	低价格力	2025-01-10	2025-01-10
prod_1348	shop_002	较差	62	549.09	是	低价格力	2025-01-10	2025-01-10
prod_1441	shop_002	良好	58	284.5	否		2025-01-10	2025-01-10
prod_1337	shop_003	优秀	64	691.92	否		2025-01-10	2025-01-10
prod_1187	shop_002	优秀	89	555.37	否		2025-01-10	2025-01-10
prod_1062	shop_003	优秀	50	641.49	否		2025-01-10	2025-01-10
prod_1385	shop_003	良好	63	679.63	否		2025-01-10	2025-01-10
prod_1213	shop_001	优秀	66	371.13	否		2025-01-10	2025-01-10
prod_1261	shop_001	优秀	89	266.06	否		2025-01-10	2025-01-10
prod_1369	shop_001	较差	56	614.51	是	低价格力	2025-01-10	2025-01-10
prod_1353	shop_003	优秀	81	713.76	否		2025-01-10	2025-01-10
prod_1238	shop_002	优秀	74	100.0	否		2025-01-10	2025-01-10
prod_1059	shop_001	良好	51	561.97	否		2025-01-10	2025-01-10
prod_1468	shop_003	良好	88	141.52	否		2025-01-10	2025-01-10
prod_1318	shop_001	良好	90	432.61	否		2025-01-10	2025-01-10
prod_1414	shop_001	较差	50	199.43	是	低价格力	2025-01-10	2025-01-10
prod_1208	shop_003	较差	95	740.14	是	低价格力	2025-01-10	2025-01-10
prod_1069	shop_002	良好	68	116.2	否		2025-01-10	2025-01-10
prod_1396	shop_003	优秀	81	650.17	否		2025-01-10	2025-01-10
prod_1231	shop_002	优秀	100	752.52	否		2025-01-10	2025-01-10
prod_1155	shop_001	优秀	63	745.65	否		2025-01-10	2025-01-10
prod_1060	shop_002	良好	66	78.1	否		2025-01-10	2025-01-10
prod_1267	shop_003	良好	56	719.31	否		2025-01-10	2025-01-10
prod_1268	shop_002	优秀	88	442.83	否		2025-01-10	2025-01-10
prod_1474	shop_001	优秀	53	12.87	否		2025-01-10	2025-01-10
prod_1429	shop_003	良好	96	421.15	否		2025-01-10	2025-01-10
prod_1130	shop_003	优秀	95	560.2	否		2025-01-10	2025-01-10
prod_1054	shop_001	较差	91	705.23	是	低价格力	2025-01-10	2025-01-10
prod_1120	shop_002	优秀	74	666.28	否		2025-01-10	2025-01-10
prod_1170	shop_002	良好	65	182.13	否		2025-01-10	2025-01-10
prod_1038	shop_003	良好	96	595.96	否		2025-01-10	2025-01-10
prod_1072	shop_003	良好	67	793.61	否		2025-01-10	2025-01-10
prod_1437	shop_002	较差	61	360.46	是	低价格力	2025-01-10	2025-01-10
prod_1188	shop_003	较差	68	166.74	是	低价格力	2025-01-10	2025-01-10
prod_1156	shop_001	良好	80	84.28	否		2025-01-10	2025-01-10
prod_1168	shop_001	较差	68	61.12	是	低价格力	2025-01-10	2025-01-10
prod_1471	shop_001	优秀	86	302.24	否		2025-01-10	2025-01-10
prod_1283	shop_002	较差	81	511.02	是	低价格力	2025-01-10	2025-01-10
prod_1214	shop_002	良好	90	225.14	否		2025-01-10	2025-01-10
prod_1089	shop_001	较差	72	469.68	是	低价格力	2025-01-10	2025-01-10
prod_1350	shop_001	优秀	50	69.73	否		2025-01-10	2025-01-10
prod_1006	shop_003	较差	100	451.76	是	低价格力	2025-01-10	2025-01-10
prod_1056	shop_001	较差	86	517.69	是	低价格力	2025-01-10	2025-01-10
prod_1430	shop_002	优秀	83	776.34	否		2025-01-10	2025-01-10
prod_1376	shop_002	良好	92	483.3	否		2025-01-10	2025-01-10
prod_1424	shop_001	良好	85	611.76	否		2025-01-10	2025-01-10
prod_1144	shop_002	良好	82	140.94	否		2025-01-10	2025-01-10
prod_1313	shop_003	优秀	93	481.52	否		2025-01-10	2025-01-10
prod_1008	shop_001	优秀	96	176.37	否		2025-01-10	2025-01-10
prod_1342	shop_001	较差	89	647.56	是	低价格力	2025-01-10	2025-01-10
prod_1280	shop_001	优秀	61	497.71	否		2025-01-10	2025-01-10
prod_1479	shop_001	良好	98	641.93	否		2025-01-10	2025-01-10
prod_1347	shop_001	较差	56	694.45	是	低价格力	2025-01-10	2025-01-10
prod_1109	shop_003	较差	62	601.62	是	低价格力	2025-01-11	2025-01-11
prod_1302	shop_001	较差	90	10.53	是	低价格力	2025-01-11	2025-01-11
prod_1222	shop_001	较差	78	588.81	是	低价格力	2025-01-11	2025-01-11
prod_1289	shop_001	较差	73	59.34	是	低价格力	2025-01-11	2025-01-11
prod_1318	shop_002	较差	51	45.16	是	低价格力	2025-01-11	2025-01-11
prod_1447	shop_001	良好	90	762.39	否		2025-01-11	2025-01-11
prod_1404	shop_001	优秀	67	767.69	否		2025-01-11	2025-01-11
prod_1030	shop_001	优秀	60	152.66	否		2025-01-11	2025-01-11
prod_1042	shop_001	较差	81	211.23	是	低价格力	2025-01-11	2025-01-11
prod_1185	shop_001	较差	50	605.22	是	低价格力	2025-01-11	2025-01-11
prod_1136	shop_002	优秀	59	774.59	否		2025-01-11	2025-01-11
prod_1135	shop_003	较差	64	475.89	是	低价格力	2025-01-11	2025-01-11
prod_1151	shop_003	优秀	85	775.42	否		2025-01-11	2025-01-11
prod_1286	shop_003	优秀	50	88.17	否		2025-01-11	2025-01-11
prod_1380	shop_001	优秀	88	336.58	否		2025-01-11	2025-01-11
prod_1132	shop_003	良好	94	734.97	否		2025-01-11	2025-01-11
prod_1238	shop_002	较差	81	721.2	是	低价格力	2025-01-11	2025-01-11
prod_1449	shop_001	优秀	86	48.71	否		2025-01-11	2025-01-11
prod_1163	shop_003	优秀	83	215.14	否		2025-01-11	2025-01-11
prod_1400	shop_002	良好	94	262.22	否		2025-01-11	2025-01-11
prod_1043	shop_002	较差	64	228.57	是	低价格力	2025-01-11	2025-01-11
prod_1128	shop_002	较差	75	60.09	是	低价格力	2025-01-11	2025-01-11
prod_1313	shop_003	较差	89	170.01	是	低价格力	2025-01-11	2025-01-11
prod_1355	shop_003	优秀	68	672.99	否		2025-01-11	2025-01-11
prod_1425	shop_002	优秀	88	455.79	否		2025-01-11	2025-01-11
prod_1101	shop_002	优秀	98	62.34	否		2025-01-11	2025-01-11
prod_1105	shop_001	优秀	64	667.99	否		2025-01-11	2025-01-11
prod_1215	shop_002	优秀	73	233.08	否		2025-01-11	2025-01-11
prod_1411	shop_001	较差	54	390.07	是	低价格力	2025-01-11	2025-01-11
prod_1477	shop_002	较差	87	38.97	是	低价格力	2025-01-11	2025-01-11
prod_1173	shop_003	优秀	67	283.29	否		2025-01-11	2025-01-11
prod_1096	shop_001	较差	61	347.17	是	低价格力	2025-01-11	2025-01-11
prod_1061	shop_001	优秀	54	432.27	否		2025-01-11	2025-01-11
prod_1001	shop_001	优秀	77	701.0	否		2025-01-11	2025-01-11
prod_1317	shop_001	较差	58	472.06	是	低价格力	2025-01-11	2025-01-11
prod_1037	shop_003	优秀	91	558.14	否		2025-01-11	2025-01-11
prod_1415	shop_003	较差	52	527.78	是	低价格力	2025-01-11	2025-01-11
prod_1046	shop_002	优秀	81	770.62	否		2025-01-11	2025-01-11
prod_1433	shop_002	优秀	72	145.78	否		2025-01-11	2025-01-11
prod_1091	shop_003	较差	63	149.78	是	低价格力	2025-01-11	2025-01-11
prod_1250	shop_001	良好	66	477.59	否		2025-01-11	2025-01-11
prod_1306	shop_002	较差	77	327.33	是	低价格力	2025-01-11	2025-01-11
prod_1345	shop_003	良好	99	182.34	否		2025-01-11	2025-01-11
prod_1162	shop_002	较差	69	583.74	是	低价格力	2025-01-11	2025-01-11
prod_1253	shop_003	良好	97	269.81	否		2025-01-11	2025-01-11
prod_1421	shop_001	优秀	89	709.89	否		2025-01-11	2025-01-11
prod_1184	shop_003	优秀	93	574.55	否		2025-01-11	2025-01-11
prod_1436	shop_003	优秀	94	209.09	否		2025-01-11	2025-01-11
prod_1344	shop_002	优秀	71	445.97	否		2025-01-11	2025-01-11
prod_1130	shop_001	较差	83	506.27	是	低价格力	2025-01-11	2025-01-11
prod_1347	shop_003	良好	86	167.84	否		2025-01-11	2025-01-11
prod_1071	shop_002	较差	86	494.1	是	低价格力	2025-01-11	2025-01-11
prod_1341	shop_001	良好	72	268.22	否		2025-01-11	2025-01-11
prod_1059	shop_001	优秀	82	173.3	否		2025-01-11	2025-01-11
prod_1167	shop_003	较差	69	572.42	是	低价格力	2025-01-11	2025-01-11
prod_1435	shop_003	优秀	62	726.2	否		2025-01-11	2025-01-11
prod_1430	shop_001	优秀	93	704.55	否		2025-01-11	2025-01-11
prod_1229	shop_002	优秀	81	35.5	否		2025-01-11	2025-01-11
prod_1223	shop_002	较差	99	297.2	是	低价格力	2025-01-11	2025-01-11
prod_1012	shop_001	较差	63	675.69	是	低价格力	2025-01-11	2025-01-11
prod_1059	shop_003	优秀	80	40.32	否		2025-01-12	2025-01-12
prod_1370	shop_002	较差	71	127.15	是	低价格力	2025-01-12	2025-01-12
prod_1054	shop_002	较差	81	134.51	是	低价格力	2025-01-12	2025-01-12
prod_1469	shop_003	较差	69	446.94	是	低价格力	2025-01-12	2025-01-12
prod_1412	shop_002	较差	76	595.99	是	低价格力	2025-01-12	2025-01-12
prod_1226	shop_003	较差	56	739.49	是	低价格力	2025-01-12	2025-01-12
prod_1179	shop_001	良好	77	331.95	否		2025-01-12	2025-01-12
prod_1408	shop_002	良好	75	46.6	否		2025-01-12	2025-01-12
prod_1326	shop_001	较差	74	558.37	是	低价格力	2025-01-12	2025-01-12
prod_1150	shop_002	良好	75	699.39	否		2025-01-12	2025-01-12
prod_1053	shop_002	较差	54	794.2	是	低价格力	2025-01-12	2025-01-12
prod_1038	shop_003	良好	78	393.89	否		2025-01-12	2025-01-12
prod_1337	shop_003	优秀	82	313.82	否		2025-01-12	2025-01-12
prod_1343	shop_002	优秀	94	738.77	否		2025-01-12	2025-01-12
prod_1211	shop_003	良好	71	675.68	否		2025-01-12	2025-01-12
prod_1250	shop_002	优秀	58	413.21	否		2025-01-12	2025-01-12
prod_1478	shop_002	较差	66	678.09	是	低价格力	2025-01-12	2025-01-12
prod_1112	shop_001	良好	85	307.97	否		2025-01-12	2025-01-12
prod_1355	shop_001	良好	93	101.15	否		2025-01-12	2025-01-12
prod_1325	shop_001	较差	63	197.84	是	低价格力	2025-01-12	2025-01-12
prod_1171	shop_003	优秀	71	214.83	否		2025-01-12	2025-01-12
prod_1172	shop_002	较差	82	534.15	是	低价格力	2025-01-12	2025-01-12
prod_1149	shop_003	良好	56	311.6	否		2025-01-12	2025-01-12
prod_1277	shop_002	优秀	76	715.36	否		2025-01-12	2025-01-12
prod_1279	shop_002	良好	57	782.76	否		2025-01-12	2025-01-12
prod_1256	shop_002	较差	90	27.63	是	低价格力	2025-01-12	2025-01-12
prod_1223	shop_001	较差	70	230.64	是	低价格力	2025-01-12	2025-01-12
prod_1092	shop_003	较差	60	672.15	是	低价格力	2025-01-12	2025-01-12
prod_1107	shop_001	较差	93	123.72	是	低价格力	2025-01-12	2025-01-12
prod_1259	shop_003	优秀	51	722.0	否		2025-01-12	2025-01-12
prod_1448	shop_001	优秀	87	779.17	否		2025-01-12	2025-01-12
prod_1170	shop_001	较差	99	770.18	是	低价格力	2025-01-12	2025-01-12
prod_1389	shop_003	良好	100	775.9	否		2025-01-12	2025-01-12
prod_1477	shop_001	良好	77	85.88	否		2025-01-12	2025-01-12
prod_1433	shop_001	良好	71	85.9	否		2025-01-12	2025-01-12
prod_1206	shop_001	优秀	51	734.48	否		2025-01-12	2025-01-12
prod_1485	shop_003	较差	71	206.62	是	低价格力	2025-01-12	2025-01-12
prod_1410	shop_003	较差	80	61.29	是	低价格力	2025-01-12	2025-01-12
prod_1116	shop_001	较差	61	646.83	是	低价格力	2025-01-12	2025-01-12
prod_1162	shop_003	优秀	79	706.2	否		2025-01-12	2025-01-12
prod_1288	shop_003	良好	50	40.92	否		2025-01-12	2025-01-12
prod_1418	shop_002	较差	65	596.82	是	低价格力	2025-01-12	2025-01-12
prod_1055	shop_003	较差	69	568.04	是	低价格力	2025-01-12	2025-01-12
prod_1063	shop_001	良好	75	705.5	否		2025-01-12	2025-01-12
prod_1095	shop_002	良好	56	245.48	否		2025-01-12	2025-01-12
prod_1461	shop_001	较差	56	360.13	是	低价格力	2025-01-12	2025-01-12
prod_1004	shop_001	优秀	69	691.5	否		2025-01-12	2025-01-12
prod_1345	shop_003	良好	57	605.82	否		2025-01-12	2025-01-12
prod_1321	shop_002	较差	55	284.83	是	低价格力	2025-01-12	2025-01-12
prod_1106	shop_001	良好	77	583.53	否		2025-01-12	2025-01-12
prod_1136	shop_003	较差	85	491.54	是	低价格力	2025-01-12	2025-01-12
prod_1441	shop_001	较差	89	271.2	是	低价格力	2025-01-12	2025-01-12
prod_1024	shop_003	较差	67	350.17	是	低价格力	2025-01-12	2025-01-12
prod_1431	shop_002	较差	72	52.5	是	低价格力	2025-01-12	2025-01-12
prod_1236	shop_002	良好	99	675.0	否		2025-01-12	2025-01-12
prod_1476	shop_002	优秀	57	724.73	否		2025-01-12	2025-01-12
prod_1489	shop_003	良好	72	50.06	否		2025-01-12	2025-01-12
prod_1041	shop_002	较差	70	461.27	是	低价格力	2025-01-12	2025-01-12
prod_1245	shop_001	良好	81	327.58	否		2025-01-12	2025-01-12
prod_1087	shop_003	良好	90	375.72	否		2025-01-12	2025-01-12
prod_1494	shop_003	良好	89	468.97	否		2025-01-13	2025-01-13
prod_1104	shop_001	优秀	71	36.6	否		2025-01-13	2025-01-13
prod_1016	shop_001	优秀	52	179.93	否		2025-01-13	2025-01-13
prod_1032	shop_002	优秀	83	617.94	否		2025-01-13	2025-01-13
prod_1085	shop_003	良好	53	91.76	否		2025-01-13	2025-01-13
prod_1372	shop_003	较差	76	383.8	是	低价格力	2025-01-13	2025-01-13
prod_1449	shop_001	优秀	83	491.0	否		2025-01-13	2025-01-13
prod_1123	shop_003	优秀	65	299.8	否		2025-01-13	2025-01-13
prod_1376	shop_001	良好	78	153.08	否		2025-01-13	2025-01-13
prod_1420	shop_002	较差	98	458.87	是	低价格力	2025-01-13	2025-01-13
prod_1201	shop_001	良好	83	136.34	否		2025-01-13	2025-01-13
prod_1335	shop_001	优秀	78	192.02	否		2025-01-13	2025-01-13
prod_1059	shop_002	较差	95	728.73	是	低价格力	2025-01-13	2025-01-13
prod_1119	shop_003	较差	55	84.09	是	低价格力	2025-01-13	2025-01-13
prod_1236	shop_001	优秀	83	91.19	否		2025-01-13	2025-01-13
prod_1219	shop_002	优秀	60	392.36	否		2025-01-13	2025-01-13
prod_1387	shop_002	良好	59	741.74	否		2025-01-13	2025-01-13
prod_1304	shop_001	良好	58	730.71	否		2025-01-13	2025-01-13
prod_1235	shop_002	较差	52	177.37	是	低价格力	2025-01-13	2025-01-13
prod_1052	shop_003	良好	58	208.79	否		2025-01-13	2025-01-13
prod_1075	shop_003	较差	99	724.79	是	低价格力	2025-01-13	2025-01-13
prod_1331	shop_003	优秀	74	124.86	否		2025-01-13	2025-01-13
prod_1288	shop_002	优秀	79	194.65	否		2025-01-13	2025-01-13
prod_1091	shop_002	优秀	81	276.65	否		2025-01-13	2025-01-13
prod_1404	shop_001	良好	97	769.05	否		2025-01-13	2025-01-13
prod_1253	shop_001	较差	51	445.45	是	低价格力	2025-01-13	2025-01-13
prod_1429	shop_002	良好	93	41.15	否		2025-01-13	2025-01-13
prod_1020	shop_002	较差	74	447.88	是	低价格力	2025-01-13	2025-01-13
prod_1340	shop_001	优秀	64	65.22	否		2025-01-13	2025-01-13
prod_1464	shop_003	优秀	57	493.28	否		2025-01-13	2025-01-13
prod_1163	shop_002	较差	94	268.08	是	低价格力	2025-01-13	2025-01-13
prod_1007	shop_002	良好	78	434.85	否		2025-01-13	2025-01-13
prod_1030	shop_001	良好	66	428.91	否		2025-01-13	2025-01-13
prod_1383	shop_001	良好	50	291.48	否		2025-01-13	2025-01-13
prod_1060	shop_001	优秀	71	170.68	否		2025-01-13	2025-01-13
prod_1344	shop_003	良好	67	378.7	否		2025-01-13	2025-01-13
prod_1467	shop_003	较差	70	30.65	是	低价格力	2025-01-13	2025-01-13
prod_1374	shop_001	良好	84	110.78	否		2025-01-13	2025-01-13
prod_1324	shop_002	较差	54	229.08	是	低价格力	2025-01-13	2025-01-13
prod_1453	shop_003	良好	85	781.84	否		2025-01-13	2025-01-13
prod_1001	shop_001	良好	67	256.84	否		2025-01-13	2025-01-13
prod_1437	shop_001	优秀	85	661.38	否		2025-01-13	2025-01-13
prod_1432	shop_001	良好	76	68.03	否		2025-01-13	2025-01-13
prod_1417	shop_002	良好	79	772.71	否		2025-01-13	2025-01-13
prod_1220	shop_003	较差	58	639.58	是	低价格力	2025-01-13	2025-01-13
prod_1269	shop_001	较差	85	576.81	是	低价格力	2025-01-13	2025-01-13
prod_1131	shop_002	较差	74	449.66	是	低价格力	2025-01-13	2025-01-13
prod_1127	shop_002	优秀	59	427.33	否		2025-01-13	2025-01-13
prod_1353	shop_003	优秀	53	563.38	否		2025-01-13	2025-01-13
prod_1081	shop_002	较差	69	220.06	是	低价格力	2025-01-13	2025-01-13
prod_1190	shop_003	优秀	54	279.74	否		2025-01-13	2025-01-13
prod_1257	shop_002	良好	68	156.15	否		2025-01-13	2025-01-13
prod_1389	shop_002	较差	96	362.32	是	低价格力	2025-01-13	2025-01-13
prod_1005	shop_001	较差	99	296.0	是	低价格力	2025-01-13	2025-01-13
prod_1012	shop_003	优秀	80	293.43	否		2025-01-13	2025-01-13
prod_1224	shop_001	较差	99	721.49	是	低价格力	2025-01-13	2025-01-13
prod_1427	shop_001	优秀	68	122.56	否		2025-01-13	2025-01-13
prod_1263	shop_001	良好	67	741.17	否		2025-01-13	2025-01-13
prod_1043	shop_002	良好	64	12.06	否		2025-01-13	2025-01-13
prod_1393	shop_002	较差	73	442.98	是	低价格力	2025-01-13	2025-01-13
prod_1173	shop_002	较差	81	463.48	是	低价格力	2025-01-14	2025-01-14
prod_1197	shop_002	优秀	88	265.36	否		2025-01-14	2025-01-14
prod_1168	shop_002	较差	84	478.88	是	低价格力	2025-01-14	2025-01-14
prod_1051	shop_002	较差	56	191.25	是	低价格力	2025-01-14	2025-01-14
prod_1453	shop_003	良好	65	298.14	否		2025-01-14	2025-01-14
prod_1026	shop_003	较差	85	69.56	是	低价格力	2025-01-14	2025-01-14
prod_1129	shop_001	优秀	83	321.7	否		2025-01-14	2025-01-14
prod_1106	shop_001	较差	70	586.76	是	低价格力	2025-01-14	2025-01-14
prod_1484	shop_002	良好	94	267.29	否		2025-01-14	2025-01-14
prod_1411	shop_003	较差	73	746.65	是	低价格力	2025-01-14	2025-01-14
prod_1327	shop_002	良好	55	17.07	否		2025-01-14	2025-01-14
prod_1270	shop_003	良好	71	575.71	否		2025-01-14	2025-01-14
prod_1132	shop_002	良好	65	324.13	否		2025-01-14	2025-01-14
prod_1240	shop_001	良好	72	200.74	否		2025-01-14	2025-01-14
prod_1474	shop_002	良好	84	629.48	否		2025-01-14	2025-01-14
prod_1007	shop_003	较差	92	676.59	是	低价格力	2025-01-14	2025-01-14
prod_1025	shop_001	较差	58	273.05	是	低价格力	2025-01-14	2025-01-14
prod_1210	shop_002	较差	93	365.15	是	低价格力	2025-01-14	2025-01-14
prod_1208	shop_001	较差	50	329.86	是	低价格力	2025-01-14	2025-01-14
prod_1303	shop_001	优秀	59	128.12	否		2025-01-14	2025-01-14
prod_1295	shop_003	优秀	54	591.53	否		2025-01-14	2025-01-14
prod_1280	shop_002	优秀	91	758.85	否		2025-01-14	2025-01-14
prod_1249	shop_003	较差	51	288.19	是	低价格力	2025-01-14	2025-01-14
prod_1074	shop_003	优秀	56	679.06	否		2025-01-14	2025-01-14
prod_1410	shop_002	良好	60	639.99	否		2025-01-14	2025-01-14
prod_1433	shop_001	较差	51	588.42	是	低价格力	2025-01-14	2025-01-14
prod_1179	shop_001	较差	76	452.84	是	低价格力	2025-01-14	2025-01-14
prod_1337	shop_002	优秀	98	176.83	否		2025-01-14	2025-01-14
prod_1158	shop_002	良好	54	211.45	否		2025-01-14	2025-01-14
prod_1055	shop_001	良好	70	203.19	否		2025-01-14	2025-01-14
prod_1493	shop_003	优秀	75	294.32	否		2025-01-14	2025-01-14
prod_1229	shop_003	较差	78	389.37	是	低价格力	2025-01-14	2025-01-14
prod_1409	shop_002	较差	73	778.29	是	低价格力	2025-01-14	2025-01-14
prod_1446	shop_002	良好	82	226.83	否		2025-01-14	2025-01-14
prod_1185	shop_003	较差	62	354.64	是	低价格力	2025-01-14	2025-01-14
prod_1144	shop_001	良好	54	397.88	否		2025-01-14	2025-01-14
prod_1277	shop_001	较差	76	343.97	是	低价格力	2025-01-14	2025-01-14
prod_1335	shop_002	良好	87	509.51	否		2025-01-14	2025-01-14
prod_1286	shop_001	较差	61	18.39	是	低价格力	2025-01-14	2025-01-14
prod_1408	shop_001	较差	80	204.03	是	低价格力	2025-01-14	2025-01-14
prod_1122	shop_001	良好	65	262.08	否		2025-01-14	2025-01-14
prod_1111	shop_002	良好	67	160.4	否		2025-01-14	2025-01-14
prod_1248	shop_003	良好	69	733.37	否		2025-01-14	2025-01-14
prod_1374	shop_002	优秀	99	392.64	否		2025-01-14	2025-01-14
prod_1396	shop_003	优秀	89	209.06	否		2025-01-14	2025-01-14
prod_1123	shop_003	良好	67	471.97	否		2025-01-14	2025-01-14
prod_1429	shop_002	优秀	100	439.97	否		2025-01-14	2025-01-14
prod_1103	shop_003	良好	69	603.99	否		2025-01-14	2025-01-14
prod_1213	shop_001	较差	85	490.82	是	低价格力	2025-01-14	2025-01-14
prod_1090	shop_002	良好	56	736.32	否		2025-01-14	2025-01-14
prod_1289	shop_003	较差	86	651.59	是	低价格力	2025-01-14	2025-01-14
prod_1142	shop_003	优秀	97	757.12	否		2025-01-14	2025-01-14
prod_1049	shop_002	较差	91	94.69	是	低价格力	2025-01-14	2025-01-14
prod_1321	shop_003	优秀	97	633.96	否		2025-01-14	2025-01-14
prod_1102	shop_001	良好	79	245.64	否		2025-01-14	2025-01-14
prod_1480	shop_003	较差	61	651.63	是	低价格力	2025-01-14	2025-01-14
prod_1067	shop_001	良好	60	541.05	否		2025-01-14	2025-01-14
prod_1392	shop_002	良好	91	539.51	否		2025-01-14	2025-01-14
prod_1370	shop_002	优秀	89	652.89	否		2025-01-14	2025-01-14
prod_1441	shop_001	优秀	77	164.99	否		2025-01-14	2025-01-14
prod_1017	shop_003	优秀	55	367.19	否		2025-01-15	2025-01-15
prod_1280	shop_003	良好	63	198.31	否		2025-01-15	2025-01-15
prod_1084	shop_003	良好	79	205.48	否		2025-01-15	2025-01-15
prod_1179	shop_003	良好	70	616.67	否		2025-01-15	2025-01-15
prod_1110	shop_003	良好	80	154.78	否		2025-01-15	2025-01-15
prod_1392	shop_001	良好	63	466.48	否		2025-01-15	2025-01-15
prod_1039	shop_003	良好	75	313.31	否		2025-01-15	2025-01-15
prod_1371	shop_003	优秀	52	478.0	否		2025-01-15	2025-01-15
prod_1456	shop_003	较差	74	472.99	是	低价格力	2025-01-15	2025-01-15
prod_1345	shop_001	良好	64	589.33	否		2025-01-15	2025-01-15
prod_1341	shop_003	良好	91	340.38	否		2025-01-15	2025-01-15
prod_1202	shop_001	良好	89	731.9	否		2025-01-15	2025-01-15
prod_1212	shop_002	良好	75	540.9	否		2025-01-15	2025-01-15
prod_1294	shop_001	较差	52	185.67	是	低价格力	2025-01-15	2025-01-15
prod_1026	shop_001	较差	60	655.79	是	低价格力	2025-01-15	2025-01-15
prod_1362	shop_003	优秀	87	296.34	否		2025-01-15	2025-01-15
prod_1330	shop_003	良好	88	187.38	否		2025-01-15	2025-01-15
prod_1348	shop_001	优秀	92	616.47	否		2025-01-15	2025-01-15
prod_1111	shop_002	优秀	66	49.75	否		2025-01-15	2025-01-15
prod_1114	shop_001	优秀	91	104.63	否		2025-01-15	2025-01-15
prod_1240	shop_003	优秀	63	234.04	否		2025-01-15	2025-01-15
prod_1374	shop_003	优秀	95	380.58	否		2025-01-15	2025-01-15
prod_1001	shop_003	优秀	61	47.87	否		2025-01-15	2025-01-15
prod_1440	shop_003	优秀	72	756.94	否		2025-01-15	2025-01-15
prod_1252	shop_003	较差	96	631.37	是	低价格力	2025-01-15	2025-01-15
prod_1127	shop_002	优秀	86	100.69	否		2025-01-15	2025-01-15
prod_1434	shop_002	优秀	80	128.89	否		2025-01-15	2025-01-15
prod_1459	shop_001	较差	53	130.49	是	低价格力	2025-01-15	2025-01-15
prod_1094	shop_003	良好	57	151.19	否		2025-01-15	2025-01-15
prod_1178	shop_001	较差	83	638.04	是	低价格力	2025-01-15	2025-01-15
prod_1040	shop_001	较差	88	128.35	是	低价格力	2025-01-15	2025-01-15
prod_1361	shop_002	较差	94	263.52	是	低价格力	2025-01-15	2025-01-15
prod_1050	shop_001	优秀	60	196.41	否		2025-01-15	2025-01-15
prod_1049	shop_003	良好	66	777.7	否		2025-01-15	2025-01-15
prod_1300	shop_003	优秀	81	129.14	否		2025-01-15	2025-01-15
prod_1222	shop_001	良好	89	434.69	否		2025-01-15	2025-01-15
prod_1134	shop_002	良好	97	585.61	否		2025-01-15	2025-01-15
prod_1259	shop_003	较差	96	289.57	是	低价格力	2025-01-15	2025-01-15
prod_1253	shop_003	较差	98	347.31	是	低价格力	2025-01-15	2025-01-15
prod_1068	shop_001	较差	85	383.05	是	低价格力	2025-01-15	2025-01-15
prod_1413	shop_003	优秀	61	85.52	否		2025-01-15	2025-01-15
prod_1257	shop_002	优秀	75	76.6	否		2025-01-15	2025-01-15
prod_1390	shop_002	优秀	62	386.08	否		2025-01-15	2025-01-15
prod_1301	shop_003	较差	66	113.32	是	低价格力	2025-01-15	2025-01-15
prod_1316	shop_003	优秀	55	414.33	否		2025-01-15	2025-01-15
prod_1099	shop_001	较差	58	739.31	是	低价格力	2025-01-15	2025-01-15
prod_1451	shop_001	优秀	99	795.64	否		2025-01-15	2025-01-15
prod_1025	shop_001	良好	80	307.27	否		2025-01-15	2025-01-15
prod_1064	shop_003	较差	93	397.74	是	低价格力	2025-01-15	2025-01-15
prod_1228	shop_001	较差	55	709.86	是	低价格力	2025-01-15	2025-01-15
prod_1453	shop_001	良好	87	645.88	否		2025-01-15	2025-01-15
prod_1305	shop_002	优秀	82	582.72	否		2025-01-15	2025-01-15
prod_1140	shop_003	良好	59	20.31	否		2025-01-15	2025-01-15
prod_1216	shop_003	良好	95	184.3	否		2025-01-15	2025-01-15
prod_1407	shop_003	优秀	51	220.59	否		2025-01-15	2025-01-15
prod_1357	shop_001	良好	72	330.15	否		2025-01-15	2025-01-15
prod_1189	shop_001	良好	93	585.86	否		2025-01-15	2025-01-15
prod_1410	shop_001	良好	58	687.8	否		2025-01-15	2025-01-15
prod_1023	shop_003	良好	74	785.35	否		2025-01-15	2025-01-15
prod_1460	shop_002	优秀	71	89.45	否		2025-01-15	2025-01-15
prod_1344	shop_001	优秀	60	637.21	否		2025-01-16	2025-01-16
prod_1034	shop_002	较差	62	272.98	是	低价格力	2025-01-16	2025-01-16
prod_1214	shop_002	良好	86	261.0	否		2025-01-16	2025-01-16
prod_1192	shop_002	良好	65	484.82	否		2025-01-16	2025-01-16
prod_1075	shop_002	较差	80	105.31	是	低价格力	2025-01-16	2025-01-16
prod_1172	shop_001	良好	81	216.19	否		2025-01-16	2025-01-16
prod_1361	shop_003	较差	91	546.53	是	低价格力	2025-01-16	2025-01-16
prod_1228	shop_003	较差	65	419.89	是	低价格力	2025-01-16	2025-01-16
prod_1230	shop_001	较差	81	109.75	是	低价格力	2025-01-16	2025-01-16
prod_1183	shop_003	优秀	79	629.88	否		2025-01-16	2025-01-16
prod_1005	shop_001	优秀	83	652.06	否		2025-01-16	2025-01-16
prod_1366	shop_003	较差	94	256.96	是	低价格力	2025-01-16	2025-01-16
prod_1249	shop_002	优秀	95	464.83	否		2025-01-16	2025-01-16
prod_1318	shop_002	较差	84	20.98	是	低价格力	2025-01-16	2025-01-16
prod_1232	shop_001	良好	62	703.74	否		2025-01-16	2025-01-16
prod_1072	shop_002	良好	97	665.77	否		2025-01-16	2025-01-16
prod_1111	shop_001	优秀	55	112.18	否		2025-01-16	2025-01-16
prod_1442	shop_003	优秀	54	670.7	否		2025-01-16	2025-01-16
prod_1474	shop_003	优秀	74	425.15	否		2025-01-16	2025-01-16
prod_1205	shop_002	优秀	67	228.91	否		2025-01-16	2025-01-16
prod_1191	shop_002	良好	93	91.92	否		2025-01-16	2025-01-16
prod_1392	shop_002	较差	75	419.43	是	低价格力	2025-01-16	2025-01-16
prod_1498	shop_001	较差	87	654.71	是	低价格力	2025-01-16	2025-01-16
prod_1054	shop_001	较差	65	618.77	是	低价格力	2025-01-16	2025-01-16
prod_1458	shop_001	良好	98	409.4	否		2025-01-16	2025-01-16
prod_1236	shop_002	良好	81	242.8	否		2025-01-16	2025-01-16
prod_1255	shop_003	良好	100	320.46	否		2025-01-16	2025-01-16
prod_1340	shop_001	优秀	59	423.54	否		2025-01-16	2025-01-16
prod_1292	shop_002	较差	83	174.43	是	低价格力	2025-01-16	2025-01-16
prod_1429	shop_001	较差	81	563.9	是	低价格力	2025-01-16	2025-01-16
prod_1253	shop_003	优秀	74	193.91	否		2025-01-16	2025-01-16
prod_1057	shop_002	较差	60	490.9	是	低价格力	2025-01-16	2025-01-16
prod_1143	shop_001	优秀	98	449.68	否		2025-01-16	2025-01-16
prod_1325	shop_002	优秀	72	589.08	否		2025-01-16	2025-01-16
prod_1213	shop_002	较差	69	625.72	是	低价格力	2025-01-16	2025-01-16
prod_1300	shop_003	较差	74	155.62	是	低价格力	2025-01-16	2025-01-16
prod_1025	shop_002	优秀	81	535.2	否		2025-01-16	2025-01-16
prod_1150	shop_003	优秀	77	163.75	否		2025-01-16	2025-01-16
prod_1376	shop_001	较差	83	751.31	是	低价格力	2025-01-16	2025-01-16
prod_1240	shop_001	良好	71	398.96	否		2025-01-16	2025-01-16
prod_1428	shop_002	良好	69	284.67	否		2025-01-16	2025-01-16
prod_1202	shop_003	优秀	81	791.95	否		2025-01-16	2025-01-16
prod_1238	shop_003	优秀	53	764.02	否		2025-01-16	2025-01-16
prod_1209	shop_003	良好	78	643.29	否		2025-01-16	2025-01-16
prod_1373	shop_003	优秀	56	115.3	否		2025-01-16	2025-01-16
prod_1136	shop_002	良好	84	449.64	否		2025-01-16	2025-01-16
prod_1204	shop_003	优秀	50	507.86	否		2025-01-16	2025-01-16
prod_1116	shop_001	优秀	74	297.4	否		2025-01-16	2025-01-16
prod_1133	shop_001	优秀	60	160.48	否		2025-01-16	2025-01-16
prod_1024	shop_001	优秀	70	256.11	否		2025-01-16	2025-01-16
prod_1341	shop_001	优秀	91	108.02	否		2025-01-16	2025-01-16
prod_1315	shop_001	较差	91	381.12	是	低价格力	2025-01-16	2025-01-16
prod_1488	shop_001	良好	64	281.77	否		2025-01-16	2025-01-16
prod_1113	shop_001	良好	68	641.47	否		2025-01-16	2025-01-16
prod_1031	shop_003	良好	99	657.88	否		2025-01-16	2025-01-16
prod_1351	shop_003	良好	65	761.9	否		2025-01-16	2025-01-16
prod_1018	shop_003	较差	70	82.27	是	低价格力	2025-01-16	2025-01-16
prod_1101	shop_003	较差	99	299.78	是	低价格力	2025-01-16	2025-01-16
prod_1297	shop_003	优秀	59	116.61	否		2025-01-16	2025-01-16
prod_1367	shop_002	较差	65	449.59	是	低价格力	2025-01-16	2025-01-16
prod_1455	shop_002	良好	64	657.83	否		2025-01-17	2025-01-17
prod_1067	shop_001	较差	67	704.14	是	低价格力	2025-01-17	2025-01-17
prod_1375	shop_002	优秀	86	509.13	否		2025-01-17	2025-01-17
prod_1480	shop_002	优秀	80	690.39	否		2025-01-17	2025-01-17
prod_1333	shop_001	较差	71	128.01	是	低价格力	2025-01-17	2025-01-17
prod_1055	shop_002	较差	59	446.29	是	低价格力	2025-01-17	2025-01-17
prod_1310	shop_002	较差	97	73.64	是	低价格力	2025-01-17	2025-01-17
prod_1353	shop_002	较差	81	312.26	是	低价格力	2025-01-17	2025-01-17
prod_1461	shop_001	良好	71	635.01	否		2025-01-17	2025-01-17
prod_1331	shop_003	优秀	78	603.1	否		2025-01-17	2025-01-17
prod_1168	shop_003	较差	79	366.99	是	低价格力	2025-01-17	2025-01-17
prod_1054	shop_001	良好	77	627.39	否		2025-01-17	2025-01-17
prod_1210	shop_001	良好	97	201.71	否		2025-01-17	2025-01-17
prod_1027	shop_003	良好	58	549.12	否		2025-01-17	2025-01-17
prod_1159	shop_001	优秀	80	365.18	否		2025-01-17	2025-01-17
prod_1408	shop_001	良好	97	136.28	否		2025-01-17	2025-01-17
prod_1382	shop_002	良好	99	250.23	否		2025-01-17	2025-01-17
prod_1254	shop_003	较差	93	198.58	是	低价格力	2025-01-17	2025-01-17
prod_1472	shop_002	优秀	62	141.76	否		2025-01-17	2025-01-17
prod_1445	shop_003	优秀	61	59.4	否		2025-01-17	2025-01-17
prod_1276	shop_001	优秀	76	122.75	否		2025-01-17	2025-01-17
prod_1417	shop_002	较差	66	127.51	是	低价格力	2025-01-17	2025-01-17
prod_1454	shop_001	优秀	72	559.93	否		2025-01-17	2025-01-17
prod_1200	shop_001	较差	83	621.04	是	低价格力	2025-01-17	2025-01-17
prod_1128	shop_003	优秀	81	346.48	否		2025-01-17	2025-01-17
prod_1283	shop_002	优秀	56	220.82	否		2025-01-17	2025-01-17
prod_1194	shop_002	良好	50	386.07	否		2025-01-17	2025-01-17
prod_1311	shop_002	优秀	59	651.62	否		2025-01-17	2025-01-17
prod_1126	shop_003	良好	58	689.6	否		2025-01-17	2025-01-17
prod_1036	shop_002	优秀	63	469.4	否		2025-01-17	2025-01-17
prod_1280	shop_003	良好	95	460.35	否		2025-01-17	2025-01-17
prod_1214	shop_002	较差	51	259.29	是	低价格力	2025-01-17	2025-01-17
prod_1497	shop_001	优秀	76	103.35	否		2025-01-17	2025-01-17
prod_1247	shop_003	良好	78	504.81	否		2025-01-17	2025-01-17
prod_1388	shop_003	较差	69	458.59	是	低价格力	2025-01-17	2025-01-17
prod_1441	shop_001	较差	51	458.27	是	低价格力	2025-01-17	2025-01-17
prod_1320	shop_003	较差	50	663.14	是	低价格力	2025-01-17	2025-01-17
prod_1120	shop_002	优秀	64	498.2	否		2025-01-17	2025-01-17
prod_1171	shop_002	优秀	55	247.79	否		2025-01-17	2025-01-17
prod_1470	shop_001	优秀	84	352.66	否		2025-01-17	2025-01-17
prod_1482	shop_001	较差	74	383.08	是	低价格力	2025-01-17	2025-01-17
prod_1081	shop_003	良好	62	215.48	否		2025-01-17	2025-01-17
prod_1396	shop_001	较差	69	198.31	是	低价格力	2025-01-17	2025-01-17
prod_1446	shop_001	优秀	87	720.79	否		2025-01-17	2025-01-17
prod_1384	shop_003	较差	80	463.94	是	低价格力	2025-01-17	2025-01-17
prod_1142	shop_003	优秀	97	133.57	否		2025-01-17	2025-01-17
prod_1145	shop_001	较差	66	341.88	是	低价格力	2025-01-17	2025-01-17
prod_1338	shop_002	良好	76	715.24	否		2025-01-17	2025-01-17
prod_1024	shop_002	良好	77	300.98	否		2025-01-17	2025-01-17
prod_1278	shop_003	良好	56	606.28	否		2025-01-17	2025-01-17
prod_1339	shop_003	优秀	71	44.17	否		2025-01-17	2025-01-17
prod_1309	shop_001	良好	88	498.39	否		2025-01-17	2025-01-17
prod_1456	shop_003	良好	70	768.55	否		2025-01-17	2025-01-17
prod_1209	shop_001	较差	77	235.63	是	低价格力	2025-01-17	2025-01-17
prod_1347	shop_003	优秀	68	624.61	否		2025-01-17	2025-01-17
prod_1123	shop_003	优秀	98	678.96	否		2025-01-17	2025-01-17
prod_1013	shop_002	优秀	57	255.61	否		2025-01-17	2025-01-17
prod_1430	shop_002	良好	75	166.11	否		2025-01-17	2025-01-17
prod_1240	shop_002	较差	85	518.17	是	低价格力	2025-01-17	2025-01-17
prod_1140	shop_001	优秀	91	282.79	否		2025-01-17	2025-01-17
prod_1352	shop_003	良好	81	142.52	否		2025-01-18	2025-01-18
prod_1115	shop_002	较差	58	669.82	是	低价格力	2025-01-18	2025-01-18
prod_1097	shop_002	较差	91	656.35	是	低价格力	2025-01-18	2025-01-18
prod_1066	shop_003	优秀	82	389.44	否		2025-01-18	2025-01-18
prod_1108	shop_001	优秀	55	400.25	否		2025-01-18	2025-01-18
prod_1307	shop_002	优秀	75	740.25	否		2025-01-18	2025-01-18
prod_1047	shop_002	优秀	95	509.93	否		2025-01-18	2025-01-18
prod_1348	shop_003	良好	59	67.31	否		2025-01-18	2025-01-18
prod_1102	shop_002	较差	87	251.51	是	低价格力	2025-01-18	2025-01-18
prod_1204	shop_002	较差	57	539.72	是	低价格力	2025-01-18	2025-01-18
prod_1431	shop_002	良好	80	501.98	否		2025-01-18	2025-01-18
prod_1148	shop_003	良好	80	611.7	否		2025-01-18	2025-01-18
prod_1169	shop_002	优秀	96	30.54	否		2025-01-18	2025-01-18
prod_1019	shop_001	优秀	88	794.99	否		2025-01-18	2025-01-18
prod_1423	shop_003	优秀	56	83.47	否		2025-01-18	2025-01-18
prod_1492	shop_001	良好	66	757.38	否		2025-01-18	2025-01-18
prod_1083	shop_002	优秀	90	318.56	否		2025-01-18	2025-01-18
prod_1253	shop_003	良好	61	502.66	否		2025-01-18	2025-01-18
prod_1178	shop_002	较差	58	181.37	是	低价格力	2025-01-18	2025-01-18
prod_1009	shop_002	较差	55	385.0	是	低价格力	2025-01-18	2025-01-18
prod_1268	shop_003	优秀	52	315.92	否		2025-01-18	2025-01-18
prod_1396	shop_002	良好	68	272.97	否		2025-01-18	2025-01-18
prod_1488	shop_002	良好	95	796.27	否		2025-01-18	2025-01-18
prod_1239	shop_002	较差	93	116.52	是	低价格力	2025-01-18	2025-01-18
prod_1339	shop_002	较差	96	112.13	是	低价格力	2025-01-18	2025-01-18
prod_1338	shop_003	较差	58	16.24	是	低价格力	2025-01-18	2025-01-18
prod_1217	shop_001	良好	100	426.61	否		2025-01-18	2025-01-18
prod_1223	shop_001	较差	94	412.45	是	低价格力	2025-01-18	2025-01-18
prod_1405	shop_002	优秀	92	305.24	否		2025-01-18	2025-01-18
prod_1056	shop_001	优秀	57	690.19	否		2025-01-18	2025-01-18
prod_1120	shop_001	较差	94	171.7	是	低价格力	2025-01-18	2025-01-18
prod_1489	shop_003	优秀	69	342.07	否		2025-01-18	2025-01-18
prod_1385	shop_001	较差	72	601.91	是	低价格力	2025-01-18	2025-01-18
prod_1149	shop_003	较差	62	767.81	是	低价格力	2025-01-18	2025-01-18
prod_1059	shop_002	较差	91	292.66	是	低价格力	2025-01-18	2025-01-18
prod_1475	shop_003	较差	68	237.74	是	低价格力	2025-01-18	2025-01-18
prod_1000	shop_003	较差	87	392.81	是	低价格力	2025-01-18	2025-01-18
prod_1062	shop_001	良好	87	308.32	否		2025-01-18	2025-01-18
prod_1281	shop_003	优秀	99	265.23	否		2025-01-18	2025-01-18
prod_1172	shop_003	较差	93	458.46	是	低价格力	2025-01-18	2025-01-18
prod_1449	shop_002	优秀	90	383.32	否		2025-01-18	2025-01-18
prod_1064	shop_002	较差	70	295.17	是	低价格力	2025-01-18	2025-01-18
prod_1061	shop_002	优秀	75	652.81	否		2025-01-18	2025-01-18
prod_1160	shop_001	良好	75	619.31	否		2025-01-18	2025-01-18
prod_1375	shop_001	良好	70	341.62	否		2025-01-18	2025-01-18
prod_1153	shop_001	良好	68	200.4	否		2025-01-18	2025-01-18
prod_1173	shop_003	良好	70	201.73	否		2025-01-18	2025-01-18
prod_1406	shop_002	较差	67	733.41	是	低价格力	2025-01-18	2025-01-18
prod_1038	shop_002	较差	74	721.28	是	低价格力	2025-01-18	2025-01-18
prod_1394	shop_003	优秀	80	80.9	否		2025-01-18	2025-01-18
prod_1270	shop_001	优秀	97	79.98	否		2025-01-18	2025-01-18
prod_1254	shop_003	较差	95	593.16	是	低价格力	2025-01-18	2025-01-18
prod_1404	shop_002	优秀	89	256.01	否		2025-01-18	2025-01-18
prod_1436	shop_001	较差	91	481.46	是	低价格力	2025-01-18	2025-01-18
prod_1402	shop_003	较差	90	409.83	是	低价格力	2025-01-18	2025-01-18
prod_1187	shop_002	较差	67	422.93	是	低价格力	2025-01-18	2025-01-18
prod_1357	shop_003	优秀	79	12.28	否		2025-01-18	2025-01-18
prod_1248	shop_002	较差	56	582.93	是	低价格力	2025-01-18	2025-01-18
prod_1317	shop_001	较差	90	132.89	是	低价格力	2025-01-18	2025-01-18
prod_1459	shop_001	良好	60	102.71	否		2025-01-18	2025-01-18
prod_1488	shop_003	较差	70	474.11	是	低价格力	2025-01-19	2025-01-19
prod_1276	shop_002	优秀	91	436.02	否		2025-01-19	2025-01-19
prod_1280	shop_002	良好	82	733.6	否		2025-01-19	2025-01-19
prod_1140	shop_003	较差	94	516.36	是	低价格力	2025-01-19	2025-01-19
prod_1166	shop_003	良好	66	699.33	否		2025-01-19	2025-01-19
prod_1129	shop_003	良好	82	748.9	否		2025-01-19	2025-01-19
prod_1189	shop_003	优秀	54	437.62	否		2025-01-19	2025-01-19
prod_1426	shop_001	良好	89	304.43	否		2025-01-19	2025-01-19
prod_1387	shop_002	较差	90	195.79	是	低价格力	2025-01-19	2025-01-19
prod_1452	shop_002	良好	59	27.77	否		2025-01-19	2025-01-19
prod_1376	shop_001	优秀	98	303.38	否		2025-01-19	2025-01-19
prod_1196	shop_001	优秀	88	315.07	否		2025-01-19	2025-01-19
prod_1393	shop_003	较差	61	216.34	是	低价格力	2025-01-19	2025-01-19
prod_1161	shop_001	良好	81	233.79	否		2025-01-19	2025-01-19
prod_1185	shop_003	良好	82	727.08	否		2025-01-19	2025-01-19
prod_1207	shop_003	优秀	85	450.18	否		2025-01-19	2025-01-19
prod_1319	shop_003	良好	57	149.82	否		2025-01-19	2025-01-19
prod_1420	shop_002	良好	61	275.8	否		2025-01-19	2025-01-19
prod_1266	shop_001	较差	63	192.95	是	低价格力	2025-01-19	2025-01-19
prod_1428	shop_003	良好	73	590.09	否		2025-01-19	2025-01-19
prod_1083	shop_002	优秀	76	393.26	否		2025-01-19	2025-01-19
prod_1043	shop_003	优秀	52	291.27	否		2025-01-19	2025-01-19
prod_1384	shop_001	优秀	73	474.67	否		2025-01-19	2025-01-19
prod_1167	shop_003	较差	76	18.52	是	低价格力	2025-01-19	2025-01-19
prod_1040	shop_001	较差	62	727.8	是	低价格力	2025-01-19	2025-01-19
prod_1416	shop_002	较差	84	588.1	是	低价格力	2025-01-19	2025-01-19
prod_1175	shop_002	优秀	72	723.04	否		2025-01-19	2025-01-19
prod_1170	shop_003	良好	70	411.97	否		2025-01-19	2025-01-19
prod_1265	shop_001	较差	76	770.19	是	低价格力	2025-01-19	2025-01-19
prod_1157	shop_001	良好	92	111.0	否		2025-01-19	2025-01-19
prod_1374	shop_001	良好	55	519.24	否		2025-01-19	2025-01-19
prod_1009	shop_002	良好	90	126.64	否		2025-01-19	2025-01-19
prod_1257	shop_002	较差	52	759.78	是	低价格力	2025-01-19	2025-01-19
prod_1421	shop_002	良好	95	61.9	否		2025-01-19	2025-01-19
prod_1151	shop_003	良好	84	314.11	否		2025-01-19	2025-01-19
prod_1362	shop_001	良好	67	473.37	否		2025-01-19	2025-01-19
prod_1455	shop_003	优秀	83	381.35	否		2025-01-19	2025-01-19
prod_1453	shop_002	良好	93	576.18	否		2025-01-19	2025-01-19
prod_1404	shop_002	良好	88	674.26	否		2025-01-19	2025-01-19
prod_1281	shop_003	优秀	59	337.93	否		2025-01-19	2025-01-19
prod_1012	shop_003	优秀	58	306.78	否		2025-01-19	2025-01-19
prod_1496	shop_001	优秀	56	50.63	否		2025-01-19	2025-01-19
prod_1360	shop_002	优秀	99	292.68	否		2025-01-19	2025-01-19
prod_1382	shop_002	良好	97	370.64	否		2025-01-19	2025-01-19
prod_1109	shop_002	优秀	57	581.4	否		2025-01-19	2025-01-19
prod_1383	shop_003	优秀	53	595.75	否		2025-01-19	2025-01-19
prod_1120	shop_001	优秀	52	216.76	否		2025-01-19	2025-01-19
prod_1252	shop_001	良好	56	194.18	否		2025-01-19	2025-01-19
prod_1225	shop_002	优秀	69	661.16	否		2025-01-19	2025-01-19
prod_1074	shop_001	优秀	97	345.48	否		2025-01-19	2025-01-19
prod_1294	shop_001	较差	74	275.55	是	低价格力	2025-01-19	2025-01-19
prod_1156	shop_003	较差	67	580.38	是	低价格力	2025-01-19	2025-01-19
prod_1253	shop_001	较差	81	700.2	是	低价格力	2025-01-19	2025-01-19
prod_1107	shop_001	较差	65	439.8	是	低价格力	2025-01-19	2025-01-19
prod_1130	shop_002	较差	90	79.63	是	低价格力	2025-01-19	2025-01-19
prod_1206	shop_003	优秀	90	261.84	否		2025-01-19	2025-01-19
prod_1131	shop_003	优秀	73	767.24	否		2025-01-19	2025-01-19
prod_1435	shop_002	良好	61	416.29	否		2025-01-19	2025-01-19
prod_1478	shop_002	较差	50	752.39	是	低价格力	2025-01-19	2025-01-19
prod_1462	shop_003	良好	70	475.3	否		2025-01-19	2025-01-19
prod_1499	shop_001	较差	65	276.4	是	低价格力	2025-01-20	2025-01-20
prod_1061	shop_002	优秀	66	565.91	否		2025-01-20	2025-01-20
prod_1048	shop_001	优秀	75	370.43	否		2025-01-20	2025-01-20
prod_1466	shop_003	优秀	91	558.56	否		2025-01-20	2025-01-20
prod_1208	shop_001	优秀	83	756.2	否		2025-01-20	2025-01-20
prod_1260	shop_002	优秀	65	595.1	否		2025-01-20	2025-01-20
prod_1099	shop_001	优秀	78	494.87	否		2025-01-20	2025-01-20
prod_1209	shop_001	优秀	77	489.09	否		2025-01-20	2025-01-20
prod_1076	shop_002	优秀	81	289.0	否		2025-01-20	2025-01-20
prod_1156	shop_002	良好	64	170.71	否		2025-01-20	2025-01-20
prod_1077	shop_001	良好	56	513.73	否		2025-01-20	2025-01-20
prod_1473	shop_002	优秀	82	715.32	否		2025-01-20	2025-01-20
prod_1274	shop_003	较差	94	594.33	是	低价格力	2025-01-20	2025-01-20
prod_1141	shop_003	优秀	100	578.25	否		2025-01-20	2025-01-20
prod_1345	shop_002	优秀	50	365.43	否		2025-01-20	2025-01-20
prod_1031	shop_002	优秀	50	326.07	否		2025-01-20	2025-01-20
prod_1020	shop_003	优秀	79	563.23	否		2025-01-20	2025-01-20
prod_1402	shop_002	优秀	70	107.74	否		2025-01-20	2025-01-20
prod_1297	shop_002	优秀	100	160.25	否		2025-01-20	2025-01-20
prod_1044	shop_002	优秀	100	335.16	否		2025-01-20	2025-01-20
prod_1038	shop_001	优秀	70	741.29	否		2025-01-20	2025-01-20
prod_1024	shop_002	优秀	51	726.19	否		2025-01-20	2025-01-20
prod_1019	shop_001	较差	79	102.81	是	低价格力	2025-01-20	2025-01-20
prod_1352	shop_001	优秀	83	227.39	否		2025-01-20	2025-01-20
prod_1248	shop_002	较差	57	53.42	是	低价格力	2025-01-20	2025-01-20
prod_1406	shop_002	良好	100	465.9	否		2025-01-20	2025-01-20
prod_1439	shop_002	良好	88	272.37	否		2025-01-20	2025-01-20
prod_1398	shop_001	优秀	93	262.21	否		2025-01-20	2025-01-20
prod_1393	shop_001	良好	76	220.17	否		2025-01-20	2025-01-20
prod_1328	shop_002	良好	78	767.44	否		2025-01-20	2025-01-20
prod_1040	shop_003	较差	50	77.41	是	低价格力	2025-01-20	2025-01-20
prod_1030	shop_001	优秀	86	268.91	否		2025-01-20	2025-01-20
prod_1231	shop_003	较差	80	293.02	是	低价格力	2025-01-20	2025-01-20
prod_1416	shop_001	良好	86	660.76	否		2025-01-20	2025-01-20
prod_1193	shop_002	良好	82	91.4	否		2025-01-20	2025-01-20
prod_1059	shop_002	良好	95	276.47	否		2025-01-20	2025-01-20
prod_1427	shop_003	较差	94	423.75	是	低价格力	2025-01-20	2025-01-20
prod_1170	shop_001	优秀	66	267.56	否		2025-01-20	2025-01-20
prod_1450	shop_003	良好	74	549.54	否		2025-01-20	2025-01-20
prod_1148	shop_001	较差	73	122.76	是	低价格力	2025-01-20	2025-01-20
prod_1369	shop_001	优秀	66	693.75	否		2025-01-20	2025-01-20
prod_1203	shop_002	优秀	84	574.44	否		2025-01-20	2025-01-20
prod_1222	shop_003	较差	51	637.64	是	低价格力	2025-01-20	2025-01-20
prod_1080	shop_002	良好	85	795.99	否		2025-01-20	2025-01-20
prod_1343	shop_003	较差	63	651.85	是	低价格力	2025-01-20	2025-01-20
prod_1279	shop_002	较差	87	752.85	是	低价格力	2025-01-20	2025-01-20
prod_1313	shop_001	良好	58	692.48	否		2025-01-20	2025-01-20
prod_1422	shop_001	良好	87	46.23	否		2025-01-20	2025-01-20
prod_1417	shop_003	良好	100	453.07	否		2025-01-20	2025-01-20
prod_1472	shop_002	良好	70	602.82	否		2025-01-20	2025-01-20
prod_1142	shop_001	优秀	78	220.56	否		2025-01-20	2025-01-20
prod_1296	shop_003	良好	89	679.28	否		2025-01-20	2025-01-20
prod_1052	shop_002	良好	93	459.98	否		2025-01-20	2025-01-20
prod_1221	shop_003	较差	82	234.79	是	低价格力	2025-01-20	2025-01-20
prod_1437	shop_003	优秀	91	98.22	否		2025-01-20	2025-01-20
prod_1014	shop_002	较差	54	256.17	是	低价格力	2025-01-20	2025-01-20
prod_1201	shop_003	良好	86	715.64	否		2025-01-20	2025-01-20
prod_1189	shop_001	较差	94	129.98	是	低价格力	2025-01-20	2025-01-20
prod_1243	shop_002	优秀	64	43.82	否		2025-01-20	2025-01-20
prod_1432	shop_003	较差	83	52.12	是	低价格力	2025-01-20	2025-01-20
prod_1245	shop_002	良好	55	772.8	否		2025-01-21	2025-01-21
prod_1461	shop_001	良好	75	125.06	否		2025-01-21	2025-01-21
prod_1027	shop_003	良好	86	39.84	否		2025-01-21	2025-01-21
prod_1469	shop_002	优秀	74	416.19	否		2025-01-21	2025-01-21
prod_1005	shop_003	优秀	69	799.02	否		2025-01-21	2025-01-21
prod_1239	shop_003	良好	75	286.61	否		2025-01-21	2025-01-21
prod_1130	shop_002	良好	97	696.29	否		2025-01-21	2025-01-21
prod_1030	shop_002	较差	58	15.82	是	低价格力	2025-01-21	2025-01-21
prod_1113	shop_001	良好	99	177.19	否		2025-01-21	2025-01-21
prod_1037	shop_001	优秀	68	408.74	否		2025-01-21	2025-01-21
prod_1475	shop_002	较差	79	133.71	是	低价格力	2025-01-21	2025-01-21
prod_1107	shop_002	较差	79	581.14	是	低价格力	2025-01-21	2025-01-21
prod_1458	shop_003	良好	92	776.22	否		2025-01-21	2025-01-21
prod_1415	shop_002	良好	94	30.08	否		2025-01-21	2025-01-21
prod_1242	shop_003	较差	91	460.87	是	低价格力	2025-01-21	2025-01-21
prod_1117	shop_002	优秀	50	730.68	否		2025-01-21	2025-01-21
prod_1481	shop_002	较差	84	519.28	是	低价格力	2025-01-21	2025-01-21
prod_1203	shop_001	较差	77	524.44	是	低价格力	2025-01-21	2025-01-21
prod_1193	shop_002	优秀	80	730.44	否		2025-01-21	2025-01-21
prod_1086	shop_001	优秀	75	135.0	否		2025-01-21	2025-01-21
prod_1115	shop_001	良好	89	135.14	否		2025-01-21	2025-01-21
prod_1330	shop_001	较差	75	144.84	是	低价格力	2025-01-21	2025-01-21
prod_1288	shop_002	较差	78	290.59	是	低价格力	2025-01-21	2025-01-21
prod_1380	shop_003	优秀	62	296.75	否		2025-01-21	2025-01-21
prod_1311	shop_001	良好	60	509.12	否		2025-01-21	2025-01-21
prod_1033	shop_001	良好	58	146.46	否		2025-01-21	2025-01-21
prod_1495	shop_001	优秀	100	146.91	否		2025-01-21	2025-01-21
prod_1426	shop_002	良好	68	558.33	否		2025-01-21	2025-01-21
prod_1250	shop_002	优秀	56	21.89	否		2025-01-21	2025-01-21
prod_1270	shop_001	优秀	62	351.8	否		2025-01-21	2025-01-21
prod_1147	shop_002	良好	53	742.2	否		2025-01-21	2025-01-21
prod_1171	shop_003	较差	83	195.54	是	低价格力	2025-01-21	2025-01-21
prod_1041	shop_001	良好	97	649.34	否		2025-01-21	2025-01-21
prod_1183	shop_001	优秀	97	282.94	否		2025-01-21	2025-01-21
prod_1353	shop_003	优秀	72	116.1	否		2025-01-21	2025-01-21
prod_1059	shop_003	良好	60	463.91	否		2025-01-21	2025-01-21
prod_1187	shop_001	优秀	55	129.77	否		2025-01-21	2025-01-21
prod_1478	shop_003	较差	91	36.49	是	低价格力	2025-01-21	2025-01-21
prod_1091	shop_003	良好	74	797.32	否		2025-01-21	2025-01-21
prod_1021	shop_002	良好	89	764.26	否		2025-01-21	2025-01-21
prod_1162	shop_001	优秀	50	318.35	否		2025-01-21	2025-01-21
prod_1138	shop_003	良好	63	611.25	否		2025-01-21	2025-01-21
prod_1065	shop_001	优秀	98	315.46	否		2025-01-21	2025-01-21
prod_1068	shop_001	良好	76	233.79	否		2025-01-21	2025-01-21
prod_1317	shop_001	良好	79	584.42	否		2025-01-21	2025-01-21
prod_1499	shop_002	优秀	59	747.75	否		2025-01-21	2025-01-21
prod_1137	shop_003	优秀	99	714.0	否		2025-01-21	2025-01-21
prod_1149	shop_003	良好	65	113.18	否		2025-01-21	2025-01-21
prod_1273	shop_001	优秀	97	405.28	否		2025-01-21	2025-01-21
prod_1482	shop_001	良好	75	533.96	否		2025-01-21	2025-01-21
prod_1343	shop_002	较差	80	477.01	是	低价格力	2025-01-21	2025-01-21
prod_1126	shop_002	优秀	72	759.43	否		2025-01-21	2025-01-21
prod_1124	shop_001	良好	75	434.67	否		2025-01-21	2025-01-21
prod_1357	shop_001	良好	85	71.21	否		2025-01-21	2025-01-21
prod_1247	shop_001	良好	75	601.26	否		2025-01-21	2025-01-21
prod_1166	shop_001	良好	81	541.24	否		2025-01-21	2025-01-21
prod_1053	shop_001	优秀	54	86.08	否		2025-01-21	2025-01-21
prod_1414	shop_001	良好	66	702.87	否		2025-01-21	2025-01-21
prod_1127	shop_001	较差	93	560.0	是	低价格力	2025-01-21	2025-01-21
prod_1451	shop_002	良好	63	327.98	否		2025-01-21	2025-01-21
prod_1142	shop_002	良好	100	758.63	否		2025-01-22	2025-01-22
prod_1288	shop_001	优秀	59	144.44	否		2025-01-22	2025-01-22
prod_1209	shop_001	较差	85	409.08	是	低价格力	2025-01-22	2025-01-22
prod_1123	shop_002	良好	81	763.94	否		2025-01-22	2025-01-22
prod_1060	shop_001	较差	95	784.43	是	低价格力	2025-01-22	2025-01-22
prod_1447	shop_001	良好	96	713.64	否		2025-01-22	2025-01-22
prod_1444	shop_003	优秀	80	256.91	否		2025-01-22	2025-01-22
prod_1340	shop_002	优秀	90	306.37	否		2025-01-22	2025-01-22
prod_1115	shop_002	较差	63	388.87	是	低价格力	2025-01-22	2025-01-22
prod_1475	shop_001	优秀	52	328.27	否		2025-01-22	2025-01-22
prod_1217	shop_002	优秀	73	768.75	否		2025-01-22	2025-01-22
prod_1456	shop_002	较差	57	127.16	是	低价格力	2025-01-22	2025-01-22
prod_1454	shop_002	较差	88	218.61	是	低价格力	2025-01-22	2025-01-22
prod_1285	shop_001	较差	74	437.55	是	低价格力	2025-01-22	2025-01-22
prod_1005	shop_002	良好	83	366.03	否		2025-01-22	2025-01-22
prod_1352	shop_001	较差	59	508.78	是	低价格力	2025-01-22	2025-01-22
prod_1090	shop_001	良好	73	238.6	否		2025-01-22	2025-01-22
prod_1489	shop_001	较差	100	509.1	是	低价格力	2025-01-22	2025-01-22
prod_1405	shop_003	优秀	62	179.15	否		2025-01-22	2025-01-22
prod_1277	shop_002	优秀	96	331.49	否		2025-01-22	2025-01-22
prod_1425	shop_003	优秀	54	587.97	否		2025-01-22	2025-01-22
prod_1207	shop_003	优秀	63	274.54	否		2025-01-22	2025-01-22
prod_1430	shop_001	较差	60	675.95	是	低价格力	2025-01-22	2025-01-22
prod_1180	shop_003	较差	94	251.51	是	低价格力	2025-01-22	2025-01-22
prod_1009	shop_003	优秀	62	361.94	否		2025-01-22	2025-01-22
prod_1114	shop_002	较差	66	95.82	是	低价格力	2025-01-22	2025-01-22
prod_1461	shop_003	优秀	59	398.62	否		2025-01-22	2025-01-22
prod_1223	shop_003	较差	54	781.07	是	低价格力	2025-01-22	2025-01-22
prod_1091	shop_002	较差	75	255.64	是	低价格力	2025-01-22	2025-01-22
prod_1224	shop_001	良好	51	668.65	否		2025-01-22	2025-01-22
prod_1043	shop_002	良好	96	399.37	否		2025-01-22	2025-01-22
prod_1317	shop_001	良好	83	718.35	否		2025-01-22	2025-01-22
prod_1074	shop_001	较差	55	618.34	是	低价格力	2025-01-22	2025-01-22
prod_1342	shop_002	优秀	86	443.95	否		2025-01-22	2025-01-22
prod_1122	shop_002	较差	71	777.06	是	低价格力	2025-01-22	2025-01-22
prod_1176	shop_003	优秀	55	29.02	否		2025-01-22	2025-01-22
prod_1202	shop_003	良好	97	483.32	否		2025-01-22	2025-01-22
prod_1055	shop_001	优秀	98	290.58	否		2025-01-22	2025-01-22
prod_1184	shop_003	优秀	84	227.97	否		2025-01-22	2025-01-22
prod_1451	shop_001	较差	81	178.46	是	低价格力	2025-01-22	2025-01-22
prod_1098	shop_002	较差	70	573.91	是	低价格力	2025-01-22	2025-01-22
prod_1478	shop_002	较差	76	102.22	是	低价格力	2025-01-22	2025-01-22
prod_1124	shop_003	良好	90	642.41	否		2025-01-22	2025-01-22
prod_1443	shop_003	良好	71	255.55	否		2025-01-22	2025-01-22
prod_1080	shop_003	良好	100	397.58	否		2025-01-22	2025-01-22
prod_1402	shop_001	良好	66	518.27	否		2025-01-22	2025-01-22
prod_1364	shop_002	良好	95	662.71	否		2025-01-22	2025-01-22
prod_1338	shop_001	优秀	98	358.48	否		2025-01-22	2025-01-22
prod_1126	shop_002	良好	71	357.03	否		2025-01-22	2025-01-22
prod_1310	shop_001	良好	93	55.27	否		2025-01-22	2025-01-22
prod_1496	shop_003	优秀	54	553.34	否		2025-01-22	2025-01-22
prod_1046	shop_001	较差	88	440.45	是	低价格力	2025-01-22	2025-01-22
prod_1255	shop_003	良好	58	121.67	否		2025-01-22	2025-01-22
prod_1355	shop_003	优秀	69	455.31	否		2025-01-22	2025-01-22
prod_1029	shop_001	优秀	81	454.44	否		2025-01-22	2025-01-22
prod_1414	shop_001	优秀	91	42.24	否		2025-01-22	2025-01-22
prod_1474	shop_002	优秀	73	756.72	否		2025-01-22	2025-01-22
prod_1479	shop_001	较差	92	54.65	是	低价格力	2025-01-22	2025-01-22
prod_1399	shop_003	良好	91	51.39	否		2025-01-22	2025-01-22
prod_1093	shop_002	优秀	70	418.44	否		2025-01-22	2025-01-22
prod_1318	shop_003	较差	84	161.2	是	低价格力	2025-01-23	2025-01-23
prod_1269	shop_001	优秀	81	29.58	否		2025-01-23	2025-01-23
prod_1187	shop_003	良好	67	117.59	否		2025-01-23	2025-01-23
prod_1182	shop_001	优秀	58	215.48	否		2025-01-23	2025-01-23
prod_1302	shop_001	优秀	86	316.19	否		2025-01-23	2025-01-23
prod_1262	shop_002	较差	75	746.7	是	低价格力	2025-01-23	2025-01-23
prod_1289	shop_003	良好	54	280.07	否		2025-01-23	2025-01-23
prod_1450	shop_001	优秀	76	24.67	否		2025-01-23	2025-01-23
prod_1059	shop_003	优秀	87	449.94	否		2025-01-23	2025-01-23
prod_1021	shop_002	较差	50	667.15	是	低价格力	2025-01-23	2025-01-23
prod_1075	shop_001	良好	73	235.91	否		2025-01-23	2025-01-23
prod_1281	shop_002	优秀	83	108.36	否		2025-01-23	2025-01-23
prod_1408	shop_001	较差	74	557.59	是	低价格力	2025-01-23	2025-01-23
prod_1256	shop_003	优秀	80	181.91	否		2025-01-23	2025-01-23
prod_1012	shop_002	较差	52	559.59	是	低价格力	2025-01-23	2025-01-23
prod_1016	shop_003	优秀	64	185.56	否		2025-01-23	2025-01-23
prod_1291	shop_002	优秀	58	711.4	否		2025-01-23	2025-01-23
prod_1029	shop_003	较差	79	481.51	是	低价格力	2025-01-23	2025-01-23
prod_1347	shop_001	良好	57	75.27	否		2025-01-23	2025-01-23
prod_1268	shop_003	优秀	97	379.18	否		2025-01-23	2025-01-23
prod_1143	shop_002	良好	89	499.37	否		2025-01-23	2025-01-23
prod_1326	shop_003	较差	99	477.15	是	低价格力	2025-01-23	2025-01-23
prod_1175	shop_003	优秀	51	134.34	否		2025-01-23	2025-01-23
prod_1339	shop_003	优秀	76	234.25	否		2025-01-23	2025-01-23
prod_1335	shop_003	优秀	66	752.99	否		2025-01-23	2025-01-23
prod_1115	shop_002	良好	68	279.29	否		2025-01-23	2025-01-23
prod_1430	shop_003	良好	83	256.57	否		2025-01-23	2025-01-23
prod_1219	shop_001	较差	68	389.21	是	低价格力	2025-01-23	2025-01-23
prod_1107	shop_001	良好	85	91.45	否		2025-01-23	2025-01-23
prod_1309	shop_001	优秀	53	465.73	否		2025-01-23	2025-01-23
prod_1258	shop_001	良好	66	422.59	否		2025-01-23	2025-01-23
prod_1068	shop_002	优秀	95	764.68	否		2025-01-23	2025-01-23
prod_1317	shop_003	优秀	59	499.62	否		2025-01-23	2025-01-23
prod_1221	shop_001	较差	80	719.02	是	低价格力	2025-01-23	2025-01-23
prod_1209	shop_003	优秀	73	451.95	否		2025-01-23	2025-01-23
prod_1412	shop_002	优秀	66	33.2	否		2025-01-23	2025-01-23
prod_1479	shop_003	良好	93	298.43	否		2025-01-23	2025-01-23
prod_1416	shop_003	优秀	67	634.12	否		2025-01-23	2025-01-23
prod_1323	shop_002	较差	75	271.39	是	低价格力	2025-01-23	2025-01-23
prod_1024	shop_001	良好	98	64.91	否		2025-01-23	2025-01-23
prod_1353	shop_002	优秀	82	85.93	否		2025-01-23	2025-01-23
prod_1093	shop_001	优秀	81	458.93	否		2025-01-23	2025-01-23
prod_1451	shop_003	较差	68	75.88	是	低价格力	2025-01-23	2025-01-23
prod_1482	shop_001	良好	52	784.21	否		2025-01-23	2025-01-23
prod_1110	shop_002	优秀	81	348.68	否		2025-01-23	2025-01-23
prod_1009	shop_003	优秀	79	193.94	否		2025-01-23	2025-01-23
prod_1096	shop_002	良好	99	513.93	否		2025-01-23	2025-01-23
prod_1130	shop_002	优秀	83	492.45	否		2025-01-23	2025-01-23
prod_1061	shop_002	较差	73	380.58	是	低价格力	2025-01-23	2025-01-23
prod_1498	shop_001	较差	79	51.69	是	低价格力	2025-01-23	2025-01-23
prod_1393	shop_001	良好	50	221.36	否		2025-01-23	2025-01-23
prod_1290	shop_002	优秀	79	448.35	否		2025-01-23	2025-01-23
prod_1241	shop_002	较差	53	464.14	是	低价格力	2025-01-23	2025-01-23
prod_1470	shop_002	良好	60	595.3	否		2025-01-23	2025-01-23
prod_1002	shop_002	优秀	77	343.4	否		2025-01-23	2025-01-23
prod_1312	shop_002	优秀	75	223.2	否		2025-01-23	2025-01-23
prod_1019	shop_001	良好	81	421.27	否		2025-01-23	2025-01-23
prod_1180	shop_001	良好	72	738.1	否		2025-01-23	2025-01-23
prod_1340	shop_003	良好	79	612.21	否		2025-01-23	2025-01-23
prod_1170	shop_002	较差	52	582.55	是	低价格力	2025-01-23	2025-01-23
prod_1209	shop_003	良好	93	378.02	否		2025-01-24	2025-01-24
prod_1286	shop_002	良好	68	676.31	否		2025-01-24	2025-01-24
prod_1233	shop_001	较差	70	750.61	是	低价格力	2025-01-24	2025-01-24
prod_1289	shop_003	良好	56	518.85	否		2025-01-24	2025-01-24
prod_1014	shop_001	良好	95	163.21	否		2025-01-24	2025-01-24
prod_1221	shop_002	优秀	84	562.17	否		2025-01-24	2025-01-24
prod_1158	shop_003	较差	98	254.94	是	低价格力	2025-01-24	2025-01-24
prod_1042	shop_001	良好	76	123.88	否		2025-01-24	2025-01-24
prod_1430	shop_002	良好	74	167.5	否		2025-01-24	2025-01-24
prod_1168	shop_003	良好	52	40.14	否		2025-01-24	2025-01-24
prod_1336	shop_002	较差	73	670.93	是	低价格力	2025-01-24	2025-01-24
prod_1131	shop_001	良好	79	584.22	否		2025-01-24	2025-01-24
prod_1092	shop_001	较差	74	324.38	是	低价格力	2025-01-24	2025-01-24
prod_1225	shop_002	良好	90	41.92	否		2025-01-24	2025-01-24
prod_1449	shop_002	较差	88	389.63	是	低价格力	2025-01-24	2025-01-24
prod_1407	shop_003	优秀	84	663.44	否		2025-01-24	2025-01-24
prod_1044	shop_002	较差	97	680.76	是	低价格力	2025-01-24	2025-01-24
prod_1313	shop_002	优秀	57	10.63	否		2025-01-24	2025-01-24
prod_1494	shop_001	较差	87	151.35	是	低价格力	2025-01-24	2025-01-24
prod_1066	shop_003	较差	91	613.4	是	低价格力	2025-01-24	2025-01-24
prod_1141	shop_002	较差	59	359.92	是	低价格力	2025-01-24	2025-01-24
prod_1198	shop_003	良好	53	471.53	否		2025-01-24	2025-01-24
prod_1311	shop_002	较差	100	282.41	是	低价格力	2025-01-24	2025-01-24
prod_1297	shop_002	优秀	75	671.41	否		2025-01-24	2025-01-24
prod_1404	shop_002	较差	82	21.75	是	低价格力	2025-01-24	2025-01-24
prod_1156	shop_002	良好	77	176.62	否		2025-01-24	2025-01-24
prod_1085	shop_001	良好	76	439.12	否		2025-01-24	2025-01-24
prod_1265	shop_002	优秀	62	65.46	否		2025-01-24	2025-01-24
prod_1013	shop_003	良好	74	669.09	否		2025-01-24	2025-01-24
prod_1195	shop_002	较差	83	288.4	是	低价格力	2025-01-24	2025-01-24
prod_1256	shop_001	良好	90	591.21	否		2025-01-24	2025-01-24
prod_1315	shop_001	较差	86	750.78	是	低价格力	2025-01-24	2025-01-24
prod_1164	shop_003	良好	91	295.02	否		2025-01-24	2025-01-24
prod_1292	shop_001	良好	96	586.78	否		2025-01-24	2025-01-24
prod_1434	shop_001	良好	68	697.06	否		2025-01-24	2025-01-24
prod_1259	shop_002	优秀	53	668.34	否		2025-01-24	2025-01-24
prod_1320	shop_001	优秀	90	77.52	否		2025-01-24	2025-01-24
prod_1184	shop_002	较差	93	791.34	是	低价格力	2025-01-24	2025-01-24
prod_1064	shop_002	优秀	89	118.6	否		2025-01-24	2025-01-24
prod_1445	shop_002	较差	52	306.16	是	低价格力	2025-01-24	2025-01-24
prod_1481	shop_003	优秀	72	243.76	否		2025-01-24	2025-01-24
prod_1211	shop_002	良好	70	554.76	否		2025-01-24	2025-01-24
prod_1016	shop_003	较差	69	638.1	是	低价格力	2025-01-24	2025-01-24
prod_1419	shop_003	良好	81	417.0	否		2025-01-24	2025-01-24
prod_1196	shop_002	良好	80	53.67	否		2025-01-24	2025-01-24
prod_1294	shop_001	良好	70	623.82	否		2025-01-24	2025-01-24
prod_1065	shop_003	良好	53	131.93	否		2025-01-24	2025-01-24
prod_1021	shop_002	较差	62	49.06	是	低价格力	2025-01-24	2025-01-24
prod_1083	shop_003	良好	64	719.51	否		2025-01-24	2025-01-24
prod_1045	shop_003	较差	83	671.42	是	低价格力	2025-01-24	2025-01-24
prod_1338	shop_001	优秀	83	87.01	否		2025-01-24	2025-01-24
prod_1470	shop_001	较差	70	314.67	是	低价格力	2025-01-24	2025-01-24
prod_1458	shop_002	良好	63	185.97	否		2025-01-24	2025-01-24
prod_1271	shop_003	较差	58	117.48	是	低价格力	2025-01-24	2025-01-24
prod_1140	shop_002	良好	91	627.46	否		2025-01-24	2025-01-24
prod_1435	shop_003	良好	91	285.67	否		2025-01-24	2025-01-24
prod_1203	shop_001	良好	70	276.37	否		2025-01-24	2025-01-24
prod_1019	shop_002	较差	62	794.18	是	低价格力	2025-01-24	2025-01-24
prod_1234	shop_003	较差	80	15.46	是	低价格力	2025-01-24	2025-01-24
prod_1252	shop_003	较差	72	619.92	是	低价格力	2025-01-24	2025-01-24
prod_1106	shop_002	良好	81	595.79	否		2025-01-25	2025-01-25
prod_1259	shop_001	较差	85	361.09	是	低价格力	2025-01-25	2025-01-25
prod_1274	shop_003	良好	69	172.84	否		2025-01-25	2025-01-25
prod_1020	shop_003	良好	83	562.18	否		2025-01-25	2025-01-25
prod_1115	shop_003	良好	52	514.41	否		2025-01-25	2025-01-25
prod_1038	shop_003	较差	52	648.53	是	低价格力	2025-01-25	2025-01-25
prod_1132	shop_003	良好	86	183.0	否		2025-01-25	2025-01-25
prod_1097	shop_001	较差	80	182.48	是	低价格力	2025-01-25	2025-01-25
prod_1027	shop_002	较差	67	670.05	是	低价格力	2025-01-25	2025-01-25
prod_1317	shop_002	良好	95	412.02	否		2025-01-25	2025-01-25
prod_1048	shop_001	较差	76	417.05	是	低价格力	2025-01-25	2025-01-25
prod_1046	shop_002	良好	64	560.69	否		2025-01-25	2025-01-25
prod_1417	shop_003	优秀	87	246.64	否		2025-01-25	2025-01-25
prod_1105	shop_001	较差	97	163.95	是	低价格力	2025-01-25	2025-01-25
prod_1372	shop_002	良好	66	155.42	否		2025-01-25	2025-01-25
prod_1268	shop_002	良好	83	383.55	否		2025-01-25	2025-01-25
prod_1012	shop_002	良好	54	773.17	否		2025-01-25	2025-01-25
prod_1421	shop_003	优秀	63	438.98	否		2025-01-25	2025-01-25
prod_1284	shop_003	优秀	55	580.14	否		2025-01-25	2025-01-25
prod_1470	shop_001	优秀	97	80.34	否		2025-01-25	2025-01-25
prod_1366	shop_002	良好	100	566.15	否		2025-01-25	2025-01-25
prod_1400	shop_002	较差	52	44.41	是	低价格力	2025-01-25	2025-01-25
prod_1241	shop_002	良好	58	316.29	否		2025-01-25	2025-01-25
prod_1381	shop_001	优秀	100	229.68	否		2025-01-25	2025-01-25
prod_1315	shop_003	较差	71	705.72	是	低价格力	2025-01-25	2025-01-25
prod_1242	shop_003	优秀	68	413.9	否		2025-01-25	2025-01-25
prod_1069	shop_002	优秀	50	284.73	否		2025-01-25	2025-01-25
prod_1171	shop_003	优秀	93	703.83	否		2025-01-25	2025-01-25
prod_1147	shop_003	较差	63	494.83	是	低价格力	2025-01-25	2025-01-25
prod_1163	shop_002	良好	95	587.23	否		2025-01-25	2025-01-25
prod_1230	shop_002	良好	100	738.62	否		2025-01-25	2025-01-25
prod_1113	shop_001	良好	53	99.9	否		2025-01-25	2025-01-25
prod_1129	shop_002	优秀	73	122.71	否		2025-01-25	2025-01-25
prod_1029	shop_003	较差	60	605.7	是	低价格力	2025-01-25	2025-01-25
prod_1151	shop_003	较差	72	414.12	是	低价格力	2025-01-25	2025-01-25
prod_1136	shop_002	优秀	76	315.26	否		2025-01-25	2025-01-25
prod_1478	shop_002	良好	96	675.76	否		2025-01-25	2025-01-25
prod_1249	shop_002	较差	93	731.42	是	低价格力	2025-01-25	2025-01-25
prod_1176	shop_003	优秀	72	730.23	否		2025-01-25	2025-01-25
prod_1391	shop_002	较差	86	544.24	是	低价格力	2025-01-25	2025-01-25
prod_1025	shop_001	较差	52	502.43	是	低价格力	2025-01-25	2025-01-25
prod_1482	shop_003	优秀	76	767.36	否		2025-01-25	2025-01-25
prod_1150	shop_002	优秀	73	289.41	否		2025-01-25	2025-01-25
prod_1260	shop_003	良好	72	583.31	否		2025-01-25	2025-01-25
prod_1329	shop_003	优秀	59	636.54	否		2025-01-25	2025-01-25
prod_1209	shop_002	优秀	97	186.22	否		2025-01-25	2025-01-25
prod_1110	shop_003	优秀	98	333.51	否		2025-01-25	2025-01-25
prod_1267	shop_003	良好	69	138.4	否		2025-01-25	2025-01-25
prod_1379	shop_003	较差	74	794.16	是	低价格力	2025-01-25	2025-01-25
prod_1244	shop_001	较差	98	634.5	是	低价格力	2025-01-25	2025-01-25
prod_1240	shop_003	优秀	78	450.77	否		2025-01-25	2025-01-25
prod_1217	shop_001	良好	57	554.01	否		2025-01-25	2025-01-25
prod_1243	shop_003	良好	95	307.47	否		2025-01-25	2025-01-25
prod_1441	shop_001	优秀	75	152.05	否		2025-01-25	2025-01-25
prod_1382	shop_003	良好	53	364.83	否		2025-01-25	2025-01-25
prod_1216	shop_002	优秀	65	743.33	否		2025-01-25	2025-01-25
prod_1049	shop_003	优秀	62	489.02	否		2025-01-25	2025-01-25
prod_1008	shop_002	较差	58	300.76	是	低价格力	2025-01-25	2025-01-25
prod_1338	shop_002	优秀	83	657.46	否		2025-01-25	2025-01-25
prod_1326	shop_002	较差	75	371.63	是	低价格力	2025-01-25	2025-01-25
