product_id,category,title,putaway_date,price,sales,pay_amount,tag,is_tmall_new
P2024000000,家居,食品新品0 - 2024夏季款,2024-09-26,5229.2,142,742546.4,小黑盒新品,1
P2024000001,美妆,家居新品1 - 2024夏季款,2024-08-06,3478.33,302,1050455.66,普通新品,0
P2024000002,家居,食品新品2 - 2024夏季款,2024-01-07,1774.4,34,60329.6,普通新品,0
P2024000003,美妆,食品新品3 - 2024夏季款,2024-11-03,7799.28,436,3400486.08,小黑盒新品,1
P2024000004,美妆,数码新品4 - 2024夏季款,2024-02-12,2733.43,221,604088.03,小黑盒新品,1
P2024000005,家居,美妆新品5 - 2024夏季款,2024-11-14,9107.53,436,3970883.08,小黑盒新品,0
P2024000006,服饰,家居新品6 - 2024夏季款,2024-12-04,1872.31,421,788242.51,普通新品,1
P2024000007,美妆,服饰新品7 - 2024夏季款,2024-10-04,776.26,155,120320.3,普通新品,1
P2024000008,数码,食品新品8 - 2024夏季款,2024-03-29,4440.7,140,621698.0,小黑盒新品,0
P2024000009,服饰,美妆新品9 - 2024夏季款,2024-06-07,9234.75,371,3426092.25,小黑盒新品,0
P2024000010,食品,家居新品10 - 2024夏季款,2024-01-23,6756.79,31,209460.49,小黑盒新品,0
P2024000011,服饰,食品新品11 - 2024夏季款,2024-04-20,4637.85,129,598282.65,小黑盒新品,1
P2024000012,服饰,食品新品12 - 2024夏季款,2024-11-27,5640.16,190,1071630.4,小黑盒新品,0
P2024000013,家居,服饰新品13 - 2024夏季款,2024-07-10,6283.47,160,1005355.2,小黑盒新品,1
P2024000014,食品,食品新品14 - 2024夏季款,2024-04-21,4001.79,221,884395.59,小黑盒新品,0
P2024000015,家居,服饰新品15 - 2024夏季款,2024-11-18,9972.28,369,3679771.32,小黑盒新品,0
P2024000016,服饰,家居新品16 - 2024夏季款,2024-02-22,6049.13,4,24196.52,普通新品,1
P2024000017,美妆,家居新品17 - 2024夏季款,2024-04-03,493.56,395,194956.2,小黑盒新品,1
P2024000018,家居,美妆新品18 - 2024夏季款,2024-01-18,8946.97,497,4446644.09,普通新品,0
P2024000019,食品,数码新品19 - 2024夏季款,2024-06-30,6894.87,53,365428.11,小黑盒新品,0
P2024000020,服饰,食品新品20 - 2024夏季款,2024-05-27,6875.4,122,838798.8,普通新品,1
P2024000021,食品,数码新品21 - 2024夏季款,2024-06-05,6078.51,455,2765722.05,普通新品,1
P2024000022,食品,家居新品22 - 2024夏季款,2024-10-12,5747.26,233,1339111.58,小黑盒新品,0
P2024000023,食品,美妆新品23 - 2024夏季款,2024-01-05,2600.87,399,1037747.13,小黑盒新品,1
P2024000024,数码,美妆新品24 - 2024夏季款,2024-12-29,7399.26,8,59194.08,普通新品,1
P2024000025,数码,食品新品25 - 2024夏季款,2024-10-11,2561.57,341,873495.37,小黑盒新品,0
P2024000026,家居,服饰新品26 - 2024夏季款,2024-06-28,8316.88,344,2861006.72,小黑盒新品,1
P2024000027,食品,家居新品27 - 2024夏季款,2024-12-01,4836.27,241,1165541.07,普通新品,0
P2024000028,服饰,数码新品28 - 2024夏季款,2024-06-25,8947.7,328,2934845.6,普通新品,0
P2024000029,服饰,服饰新品29 - 2024夏季款,2024-02-14,7978.46,263,2098334.98,小黑盒新品,0
P2024000030,数码,美妆新品30 - 2024夏季款,2024-11-23,9791.72,257,2516472.04,小黑盒新品,0
P2024000031,食品,服饰新品31 - 2024夏季款,2024-08-29,5091.58,92,468425.36,小黑盒新品,1
P2024000032,服饰,美妆新品32 - 2024夏季款,2024-10-29,9239.94,260,2402384.4,普通新品,1
P2024000033,服饰,家居新品33 - 2024夏季款,2024-09-25,7263.78,124,900708.72,普通新品,0
P2024000034,美妆,美妆新品34 - 2024夏季款,2024-08-16,9762.25,135,1317903.75,小黑盒新品,1
P2024000035,服饰,食品新品35 - 2024夏季款,2024-12-10,3512.56,192,674411.52,普通新品,0
P2024000036,家居,服饰新品36 - 2024夏季款,2024-11-03,1662.3,296,492040.8,普通新品,1
P2024000037,家居,食品新品37 - 2024夏季款,2024-05-08,9446.65,40,377866.0,小黑盒新品,0
P2024000038,数码,美妆新品38 - 2024夏季款,2024-07-01,3624.27,195,706732.65,小黑盒新品,0
P2024000039,美妆,服饰新品39 - 2024夏季款,2024-08-04,3893.58,101,393251.58,普通新品,0
P2024000040,家居,家居新品40 - 2024夏季款,2024-10-29,518.67,162,84024.54,普通新品,0
P2024000041,数码,数码新品41 - 2024夏季款,2024-01-09,133.6,20,2672.0,小黑盒新品,1
P2024000042,家居,美妆新品42 - 2024夏季款,2024-02-03,6482.8,179,1160421.2,小黑盒新品,1
P2024000043,服饰,数码新品43 - 2024夏季款,2024-02-02,2530.04,279,705881.16,普通新品,1
P2024000044,数码,服饰新品44 - 2024夏季款,2024-03-30,5982.56,255,1525552.8,小黑盒新品,0
P2024000045,服饰,家居新品45 - 2024夏季款,2024-06-23,4799.83,367,1761537.61,小黑盒新品,0
P2024000046,美妆,家居新品46 - 2024夏季款,2024-07-03,6476.11,499,3231578.89,小黑盒新品,1
P2024000047,家居,家居新品47 - 2024夏季款,2024-05-20,6778.21,19,128785.99,小黑盒新品,1
P2024000048,数码,服饰新品48 - 2024夏季款,2024-12-09,1626.55,372,605076.6,普通新品,1
P2024000049,家居,食品新品49 - 2024夏季款,2024-04-11,7110.51,150,1066576.5,小黑盒新品,0
P2024000050,数码,数码新品50 - 2024夏季款,2024-01-21,9376.26,154,1443944.04,小黑盒新品,1
P2024000051,数码,家居新品51 - 2024夏季款,2024-03-23,8265.48,143,1181963.64,小黑盒新品,1
P2024000052,食品,食品新品52 - 2024夏季款,2024-10-19,7948.82,104,826677.28,小黑盒新品,0
P2024000053,食品,数码新品53 - 2024夏季款,2024-03-28,3332.66,228,759846.48,普通新品,0
P2024000054,数码,家居新品54 - 2024夏季款,2024-06-10,2546.15,450,1145767.5,普通新品,0
P2024000055,美妆,家居新品55 - 2024夏季款,2024-11-15,8272.09,474,3920970.66,普通新品,0
P2024000056,食品,家居新品56 - 2024夏季款,2024-12-09,2424.45,184,446098.8,小黑盒新品,1
P2024000057,服饰,美妆新品57 - 2024夏季款,2024-09-14,4279.19,407,1741630.33,普通新品,1
P2024000058,服饰,食品新品58 - 2024夏季款,2024-06-02,6562.2,63,413418.6,小黑盒新品,0
P2024000059,家居,家居新品59 - 2024夏季款,2024-02-12,4578.12,345,1579451.4,小黑盒新品,0
P2024000060,服饰,服饰新品60 - 2024夏季款,2024-04-16,9698.08,342,3316743.36,普通新品,1
P2024000061,美妆,美妆新品61 - 2024夏季款,2024-10-05,901.61,311,280400.71,小黑盒新品,0
P2024000062,美妆,美妆新品62 - 2024夏季款,2024-09-19,4429.82,123,544867.86,普通新品,1
P2024000063,食品,美妆新品63 - 2024夏季款,2024-12-16,7558.35,140,1058169.0,小黑盒新品,0
P2024000064,食品,食品新品64 - 2024夏季款,2024-10-21,5217.78,414,2160160.92,小黑盒新品,0
P2024000065,食品,数码新品65 - 2024夏季款,2024-01-23,4998.96,214,1069777.44,普通新品,0
P2024000066,数码,服饰新品66 - 2024夏季款,2024-11-05,2508.05,270,677173.5,普通新品,0
P2024000067,服饰,数码新品67 - 2024夏季款,2024-01-10,7672.62,258,1979535.96,普通新品,0
P2024000068,家居,食品新品68 - 2024夏季款,2024-01-24,5006.57,55,275361.35,普通新品,1
P2024000069,美妆,数码新品69 - 2024夏季款,2024-07-07,4175.73,97,405045.81,小黑盒新品,1
P2024000070,服饰,食品新品70 - 2024夏季款,2024-08-11,3129.55,132,413100.6,普通新品,1
P2024000071,食品,食品新品71 - 2024夏季款,2024-08-01,833.1,7,5831.7,普通新品,0
P2024000072,家居,美妆新品72 - 2024夏季款,2024-02-23,782.64,367,287228.88,小黑盒新品,1
P2024000073,家居,美妆新品73 - 2024夏季款,2024-11-15,1090.35,3,3271.05,小黑盒新品,0
P2024000074,服饰,食品新品74 - 2024夏季款,2024-12-01,680.86,331,225364.66,小黑盒新品,1
P2024000075,食品,食品新品75 - 2024夏季款,2024-04-12,6638.87,433,2874630.71,小黑盒新品,1
P2024000076,数码,服饰新品76 - 2024夏季款,2024-04-25,9941.12,457,4543091.84,小黑盒新品,1
P2024000077,数码,食品新品77 - 2024夏季款,2024-02-11,5748.96,448,2575534.08,小黑盒新品,0
P2024000078,数码,家居新品78 - 2024夏季款,2024-12-12,8271.9,141,1166337.9,普通新品,1
P2024000079,数码,美妆新品79 - 2024夏季款,2024-10-15,5097.7,238,1213252.6,普通新品,1
P2024000080,数码,数码新品80 - 2024夏季款,2024-04-23,4438.64,225,998694.0,普通新品,0
P2024000081,服饰,服饰新品81 - 2024夏季款,2024-11-12,8705.03,6,52230.18,小黑盒新品,1
P2024000082,服饰,美妆新品82 - 2024夏季款,2024-04-09,3178.3,158,502171.4,小黑盒新品,1
P2024000083,食品,数码新品83 - 2024夏季款,2024-10-08,4580.93,300,1374279.0,普通新品,1
P2024000084,食品,美妆新品84 - 2024夏季款,2024-04-06,6325.97,295,1866161.15,普通新品,1
P2024000085,数码,服饰新品85 - 2024夏季款,2024-12-02,8579.03,209,1793017.27,普通新品,0
P2024000086,家居,家居新品86 - 2024夏季款,2024-10-06,3770.31,38,143271.78,小黑盒新品,0
P2024000087,服饰,食品新品87 - 2024夏季款,2024-12-23,8522.56,276,2352226.56,小黑盒新品,1
P2024000088,服饰,食品新品88 - 2024夏季款,2024-12-07,7518.65,92,691715.8,小黑盒新品,1
P2024000089,食品,数码新品89 - 2024夏季款,2024-03-10,1103.94,315,347741.1,小黑盒新品,1
P2024000090,服饰,服饰新品90 - 2024夏季款,2024-06-29,4266.76,158,674148.08,普通新品,1
P2024000091,美妆,美妆新品91 - 2024夏季款,2024-05-06,6006.22,328,1970040.16,普通新品,0
P2024000092,食品,美妆新品92 - 2024夏季款,2024-04-12,8225.98,453,3726368.94,小黑盒新品,0
P2024000093,服饰,美妆新品93 - 2024夏季款,2024-06-25,4572.85,47,214923.95,普通新品,0
P2024000094,服饰,数码新品94 - 2024夏季款,2024-02-02,9419.47,256,2411384.32,小黑盒新品,1
P2024000095,家居,食品新品95 - 2024夏季款,2024-10-31,464.55,285,132396.75,普通新品,1
P2024000096,家居,服饰新品96 - 2024夏季款,2024-02-24,698.85,93,64993.05,小黑盒新品,1
P2024000097,食品,美妆新品97 - 2024夏季款,2024-12-19,6165.48,433,2669652.84,普通新品,0
P2024000098,数码,食品新品98 - 2024夏季款,2024-12-04,4972.26,171,850256.46,普通新品,0
P2024000099,数码,数码新品99 - 2024夏季款,2024-11-05,3516.11,295,1037252.45,普通新品,1
P2024000100,数码,食品新品0 - 2024夏季款,2024-03-21,4793.75,166,795762.5,小黑盒新品,1
P2024000101,数码,食品新品1 - 2024夏季款,2024-03-28,6479.99,203,1315437.97,小黑盒新品,1
P2024000102,服饰,服饰新品2 - 2024夏季款,2024-07-30,8418.58,91,766090.78,普通新品,1
P2024000103,食品,数码新品3 - 2024夏季款,2024-10-26,4407.36,45,198331.2,小黑盒新品,0
P2024000104,家居,美妆新品4 - 2024夏季款,2024-12-13,7629.74,242,1846397.08,普通新品,0
P2024000105,美妆,数码新品5 - 2024夏季款,2024-10-30,7922.32,158,1251726.56,普通新品,0
P2024000106,数码,食品新品6 - 2024夏季款,2024-09-03,9137.15,108,986812.2,小黑盒新品,1
P2024000107,数码,美妆新品7 - 2024夏季款,2024-09-11,7424.87,493,3660460.91,小黑盒新品,1
P2024000108,服饰,服饰新品8 - 2024夏季款,2024-07-09,1493.77,398,594520.46,普通新品,1
P2024000109,美妆,家居新品9 - 2024夏季款,2024-10-29,1023.45,447,457482.15,普通新品,0
P2024000110,数码,食品新品10 - 2024夏季款,2024-05-06,2741.23,297,814145.31,普通新品,0
P2024000111,家居,家居新品11 - 2024夏季款,2024-10-21,2557.69,7,17903.83,小黑盒新品,1
P2024000112,家居,食品新品12 - 2024夏季款,2024-05-17,3156.94,274,865001.56,普通新品,1
P2024000113,美妆,服饰新品13 - 2024夏季款,2024-05-10,2226.21,362,805888.02,小黑盒新品,1
P2024000114,家居,美妆新品14 - 2024夏季款,2024-09-27,5718.61,496,2836430.56,普通新品,1
P2024000115,数码,数码新品15 - 2024夏季款,2024-11-25,8118.09,119,966052.71,小黑盒新品,1
P2024000116,数码,家居新品16 - 2024夏季款,2024-01-11,4834.01,291,1406696.91,普通新品,1
P2024000117,家居,家居新品17 - 2024夏季款,2024-12-08,2683.13,496,1330832.48,小黑盒新品,0
P2024000118,服饰,美妆新品18 - 2024夏季款,2024-04-24,5563.6,174,968066.4,小黑盒新品,0
P2024000119,美妆,家居新品19 - 2024夏季款,2024-08-24,4094.09,27,110540.43,小黑盒新品,1
P2024000120,美妆,美妆新品20 - 2024夏季款,2024-08-29,7808.65,197,1538304.05,小黑盒新品,1
P2024000121,服饰,数码新品21 - 2024夏季款,2024-03-09,1938.84,67,129902.28,普通新品,1
P2024000122,食品,食品新品22 - 2024夏季款,2024-10-21,9337.74,32,298807.68,小黑盒新品,1
P2024000123,家居,食品新品23 - 2024夏季款,2024-08-18,1838.1,222,408058.2,普通新品,1
P2024000124,数码,家居新品24 - 2024夏季款,2024-03-18,346.54,203,70347.62,小黑盒新品,0
P2024000125,食品,数码新品25 - 2024夏季款,2024-02-25,3289.17,443,1457102.31,小黑盒新品,0
P2024000126,服饰,服饰新品26 - 2024夏季款,2024-09-10,8715.58,20,174311.6,普通新品,0
P2024000127,家居,家居新品27 - 2024夏季款,2024-12-31,9014.39,53,477762.67,普通新品,1
P2024000128,服饰,服饰新品28 - 2024夏季款,2024-01-30,1391.3,42,58434.6,小黑盒新品,0
P2024000129,美妆,数码新品29 - 2024夏季款,2024-11-15,1813.94,187,339206.78,普通新品,0
P2024000130,美妆,服饰新品30 - 2024夏季款,2024-03-21,6807.24,358,2436991.92,普通新品,0
P2024000131,服饰,数码新品31 - 2024夏季款,2024-06-13,3180.88,108,343535.04,普通新品,1
P2024000132,服饰,家居新品32 - 2024夏季款,2024-01-15,6389.97,213,1361063.61,普通新品,0
P2024000133,服饰,美妆新品33 - 2024夏季款,2024-06-04,4614.8,112,516857.6,普通新品,1
P2024000134,美妆,数码新品34 - 2024夏季款,2024-06-11,5075.95,41,208113.95,普通新品,1
P2024000135,食品,服饰新品35 - 2024夏季款,2024-09-24,310.59,370,114918.3,普通新品,0
P2024000136,服饰,家居新品36 - 2024夏季款,2024-01-10,4537.18,227,1029939.86,小黑盒新品,0
P2024000137,食品,服饰新品37 - 2024夏季款,2024-12-20,5074.89,240,1217973.6,普通新品,0
P2024000138,家居,食品新品38 - 2024夏季款,2024-07-08,842.7,388,326967.6,普通新品,1
P2024000139,家居,食品新品39 - 2024夏季款,2024-07-19,8956.8,370,3314016.0,普通新品,1
P2024000140,服饰,数码新品40 - 2024夏季款,2024-11-03,2206.63,96,211836.48,小黑盒新品,1
P2024000141,美妆,服饰新品41 - 2024夏季款,2024-11-09,7195.82,266,1914088.12,普通新品,1
P2024000142,数码,食品新品42 - 2024夏季款,2024-06-14,9088.17,4,36352.68,普通新品,0
P2024000143,美妆,服饰新品43 - 2024夏季款,2024-03-27,5118.44,360,1842638.4,普通新品,1
P2024000144,数码,数码新品44 - 2024夏季款,2024-09-13,2454.72,131,321568.32,普通新品,0
P2024000145,美妆,家居新品45 - 2024夏季款,2024-12-07,622.65,268,166870.2,普通新品,1
P2024000146,家居,服饰新品46 - 2024夏季款,2024-12-31,856.29,149,127587.21,普通新品,0
P2024000147,食品,美妆新品47 - 2024夏季款,2024-05-06,9333.04,204,1903940.16,普通新品,1
P2024000148,食品,美妆新品48 - 2024夏季款,2024-10-08,6971.96,184,1282840.64,普通新品,0
P2024000149,食品,食品新品49 - 2024夏季款,2024-05-28,7520.55,28,210575.4,小黑盒新品,0
P2024000150,服饰,美妆新品50 - 2024夏季款,2024-03-03,3420.54,136,465193.44,小黑盒新品,1
P2024000151,食品,美妆新品51 - 2024夏季款,2024-12-29,325.93,125,40741.25,普通新品,0
P2024000152,美妆,数码新品52 - 2024夏季款,2024-10-06,3793.22,83,314837.26,小黑盒新品,1
P2024000153,数码,家居新品53 - 2024夏季款,2024-05-29,6606.76,376,2484141.76,小黑盒新品,0
P2024000154,美妆,美妆新品54 - 2024夏季款,2024-07-09,9555.73,44,420452.12,普通新品,1
P2024000155,美妆,服饰新品55 - 2024夏季款,2024-12-09,9010.59,256,2306711.04,小黑盒新品,1
P2024000156,服饰,服饰新品56 - 2024夏季款,2024-09-12,7330.51,71,520466.21,小黑盒新品,0
P2024000157,美妆,服饰新品57 - 2024夏季款,2024-02-06,468.72,229,107336.88,小黑盒新品,0
P2024000158,服饰,家居新品58 - 2024夏季款,2024-03-29,1935.18,307,594100.26,普通新品,1
P2024000159,食品,服饰新品59 - 2024夏季款,2024-10-02,594.9,470,279603.0,普通新品,1
P2024000160,服饰,服饰新品60 - 2024夏季款,2024-01-26,9323.37,448,4176869.76,普通新品,1
P2024000161,家居,家居新品61 - 2024夏季款,2024-07-10,4467.73,112,500385.76,小黑盒新品,1
P2024000162,服饰,数码新品62 - 2024夏季款,2024-04-03,5898.5,372,2194242.0,普通新品,1
P2024000163,家居,美妆新品63 - 2024夏季款,2024-09-09,5104.16,331,1689476.96,小黑盒新品,0
P2024000164,服饰,食品新品64 - 2024夏季款,2024-07-14,6192.61,410,2538970.1,普通新品,0
P2024000165,服饰,数码新品65 - 2024夏季款,2024-01-28,7221.71,348,2513155.08,普通新品,0
P2024000166,数码,服饰新品66 - 2024夏季款,2024-01-10,6200.96,306,1897493.76,小黑盒新品,0
P2024000167,服饰,食品新品67 - 2024夏季款,2024-03-26,9296.73,127,1180684.71,普通新品,1
P2024000168,家居,食品新品68 - 2024夏季款,2024-12-20,4798.02,457,2192695.14,小黑盒新品,0
P2024000169,数码,数码新品69 - 2024夏季款,2024-12-23,8649.73,465,4022124.45,小黑盒新品,0
P2024000170,食品,家居新品70 - 2024夏季款,2024-05-20,1366.62,260,355321.2,小黑盒新品,0
P2024000171,服饰,服饰新品71 - 2024夏季款,2024-11-29,1515.91,233,353207.03,普通新品,1
P2024000172,食品,服饰新品72 - 2024夏季款,2024-07-27,7187.87,71,510338.77,普通新品,1
P2024000173,家居,服饰新品73 - 2024夏季款,2024-10-29,914.26,497,454387.22,普通新品,0
P2024000174,家居,数码新品74 - 2024夏季款,2024-01-09,3899.37,402,1567546.74,小黑盒新品,0
P2024000175,家居,服饰新品75 - 2024夏季款,2024-07-07,8731.58,50,436579.0,小黑盒新品,1
P2024000176,食品,数码新品76 - 2024夏季款,2024-11-26,767.7,77,59112.9,小黑盒新品,1
P2024000177,家居,数码新品77 - 2024夏季款,2024-08-08,5770.69,428,2469855.32,小黑盒新品,0
P2024000178,食品,家居新品78 - 2024夏季款,2024-05-30,3153.12,227,715758.24,小黑盒新品,0
P2024000179,数码,家居新品79 - 2024夏季款,2024-06-27,9760.88,218,2127871.84,普通新品,1
P2024000180,家居,食品新品80 - 2024夏季款,2024-03-17,3538.25,361,1277308.25,普通新品,1
P2024000181,美妆,家居新品81 - 2024夏季款,2024-03-05,6475.55,311,2013896.05,小黑盒新品,1
P2024000182,服饰,数码新品82 - 2024夏季款,2024-08-03,3651.88,195,712116.6,普通新品,0
P2024000183,数码,食品新品83 - 2024夏季款,2024-03-13,9920.38,81,803550.78,普通新品,0
P2024000184,数码,食品新品84 - 2024夏季款,2024-07-18,5689.75,135,768116.25,普通新品,0
P2024000185,美妆,服饰新品85 - 2024夏季款,2024-04-29,9661.7,460,4444382.0,小黑盒新品,1
P2024000186,服饰,食品新品86 - 2024夏季款,2024-07-19,446.19,18,8031.42,普通新品,1
P2024000187,美妆,服饰新品87 - 2024夏季款,2024-04-03,7019.73,180,1263551.4,小黑盒新品,0
P2024000188,家居,家居新品88 - 2024夏季款,2024-12-10,776.05,348,270065.4,普通新品,1
P2024000189,数码,美妆新品89 - 2024夏季款,2024-03-14,4868.48,461,2244369.28,普通新品,0
P2024000190,服饰,食品新品90 - 2024夏季款,2024-03-02,1922.09,189,363275.01,小黑盒新品,0
P2024000191,数码,服饰新品91 - 2024夏季款,2024-08-25,5672.72,113,641017.36,普通新品,0
P2024000192,数码,食品新品92 - 2024夏季款,2024-01-21,3120.86,161,502458.46,小黑盒新品,1
P2024000193,家居,服饰新品93 - 2024夏季款,2024-08-08,849.58,382,324539.56,普通新品,1
P2024000194,数码,美妆新品94 - 2024夏季款,2024-10-05,3852.43,278,1070975.54,普通新品,1
P2024000195,数码,服饰新品95 - 2024夏季款,2024-05-11,5178.84,304,1574367.36,小黑盒新品,1
P2024000196,服饰,美妆新品96 - 2024夏季款,2024-02-13,8689.2,131,1138285.2,普通新品,1
P2024000197,美妆,食品新品97 - 2024夏季款,2024-05-25,4674.57,354,1654797.78,普通新品,1
P2024000198,家居,美妆新品98 - 2024夏季款,2024-09-07,7252.74,9,65274.66,小黑盒新品,1
P2024000199,服饰,数码新品99 - 2024夏季款,2024-09-25,5143.77,471,2422715.67,普通新品,0
P2024000200,家居,服饰新品0 - 2024夏季款,2024-07-01,3237.47,77,249285.19,普通新品,0
P2024000201,服饰,服饰新品1 - 2024夏季款,2024-12-19,2978.89,304,905582.56,普通新品,0
P2024000202,食品,数码新品2 - 2024夏季款,2024-11-01,5440.41,202,1098962.82,普通新品,1
P2024000203,家居,家居新品3 - 2024夏季款,2024-03-06,2300.28,258,593472.24,普通新品,0
P2024000204,食品,数码新品4 - 2024夏季款,2024-07-31,4342.58,493,2140891.94,小黑盒新品,1
P2024000205,服饰,家居新品5 - 2024夏季款,2024-01-18,2948.45,178,524824.1,小黑盒新品,1
P2024000206,美妆,数码新品6 - 2024夏季款,2024-12-04,2278.51,88,200508.88,小黑盒新品,0
P2024000207,数码,数码新品7 - 2024夏季款,2024-10-06,5353.79,46,246274.34,普通新品,1
P2024000208,服饰,食品新品8 - 2024夏季款,2024-11-11,1662.86,283,470589.38,小黑盒新品,0
P2024000209,服饰,数码新品9 - 2024夏季款,2024-04-08,3470.58,211,732292.38,普通新品,0
P2024000210,食品,数码新品10 - 2024夏季款,2024-07-01,7854.88,224,1759493.12,小黑盒新品,1
P2024000211,美妆,服饰新品11 - 2024夏季款,2024-12-05,1310.47,295,386588.65,普通新品,0
P2024000212,服饰,家居新品12 - 2024夏季款,2024-01-21,9328.33,89,830221.37,小黑盒新品,0
P2024000213,数码,美妆新品13 - 2024夏季款,2024-06-29,1819.39,411,747769.29,普通新品,1
P2024000214,数码,食品新品14 - 2024夏季款,2024-03-30,7164.89,406,2908945.34,小黑盒新品,1
P2024000215,食品,数码新品15 - 2024夏季款,2024-03-27,745.78,301,224479.78,普通新品,0
P2024000216,家居,家居新品16 - 2024夏季款,2024-04-24,1768.37,83,146774.71,小黑盒新品,1
P2024000217,家居,食品新品17 - 2024夏季款,2024-12-30,7932.19,349,2768334.31,普通新品,0
P2024000218,家居,美妆新品18 - 2024夏季款,2024-12-09,6205.55,458,2842141.9,小黑盒新品,0
P2024000219,家居,数码新品19 - 2024夏季款,2024-04-28,9350.7,43,402080.1,小黑盒新品,0
P2024000220,美妆,家居新品20 - 2024夏季款,2024-05-24,6972.22,151,1052805.22,普通新品,1
P2024000221,家居,食品新品21 - 2024夏季款,2024-12-11,6070.32,456,2768065.92,小黑盒新品,1
P2024000222,服饰,数码新品22 - 2024夏季款,2024-05-27,9620.47,267,2568665.49,小黑盒新品,0
P2024000223,食品,美妆新品23 - 2024夏季款,2024-05-14,6181.44,304,1879157.76,小黑盒新品,1
P2024000224,家居,美妆新品24 - 2024夏季款,2024-08-21,6461.25,459,2965713.75,普通新品,1
P2024000225,家居,家居新品25 - 2024夏季款,2024-08-09,1011.84,182,184154.88,普通新品,1
P2024000226,服饰,食品新品26 - 2024夏季款,2024-07-21,4960.62,21,104173.02,普通新品,1
P2024000227,家居,服饰新品27 - 2024夏季款,2024-11-04,7576.35,89,674295.15,小黑盒新品,0
P2024000228,数码,家居新品28 - 2024夏季款,2024-03-11,6713.39,267,1792475.13,小黑盒新品,1
P2024000229,数码,美妆新品29 - 2024夏季款,2024-09-04,6154.22,442,2720165.24,普通新品,0
P2024000230,家居,美妆新品30 - 2024夏季款,2024-09-28,3467.61,277,960527.97,小黑盒新品,1
P2024000231,服饰,家居新品31 - 2024夏季款,2024-01-26,9985.95,442,4413789.9,普通新品,1
P2024000232,食品,家居新品32 - 2024夏季款,2024-12-19,9988.52,478,4774512.56,小黑盒新品,0
P2024000233,服饰,家居新品33 - 2024夏季款,2024-10-26,5012.98,202,1012621.96,普通新品,1
P2024000234,数码,美妆新品34 - 2024夏季款,2024-02-05,9890.69,315,3115567.35,普通新品,0
P2024000235,美妆,食品新品35 - 2024夏季款,2024-11-25,5799.06,217,1258396.02,小黑盒新品,0
P2024000236,家居,家居新品36 - 2024夏季款,2024-05-04,5871.46,286,1679237.56,普通新品,1
P2024000237,服饰,服饰新品37 - 2024夏季款,2024-10-03,3683.59,429,1580260.11,普通新品,0
P2024000238,服饰,家居新品38 - 2024夏季款,2024-08-28,1068.95,336,359167.2,普通新品,0
P2024000239,食品,美妆新品39 - 2024夏季款,2024-05-29,9986.98,63,629179.74,小黑盒新品,0
P2024000240,服饰,数码新品40 - 2024夏季款,2024-05-01,6422.44,149,956943.56,普通新品,1
P2024000241,家居,美妆新品41 - 2024夏季款,2024-07-07,8899.48,45,400476.6,小黑盒新品,1
P2024000242,数码,食品新品42 - 2024夏季款,2024-10-15,83.15,494,41076.1,小黑盒新品,1
P2024000243,数码,家居新品43 - 2024夏季款,2024-01-13,2850.28,427,1217069.56,普通新品,0
P2024000244,数码,服饰新品44 - 2024夏季款,2024-11-02,207.32,104,21561.28,小黑盒新品,0
P2024000245,美妆,食品新品45 - 2024夏季款,2024-02-16,3397.52,488,1657989.76,普通新品,0
P2024000246,家居,家居新品46 - 2024夏季款,2024-07-01,4919.47,311,1529955.17,普通新品,1
P2024000247,服饰,数码新品47 - 2024夏季款,2024-09-19,662.16,189,125148.24,普通新品,0
P2024000248,服饰,美妆新品48 - 2024夏季款,2024-10-24,4886.21,455,2223225.55,普通新品,0
P2024000249,食品,服饰新品49 - 2024夏季款,2024-12-15,184.27,435,80157.45,小黑盒新品,0
P2024000250,家居,食品新品50 - 2024夏季款,2024-07-16,1394.19,343,478207.17,普通新品,1
P2024000251,家居,家居新品51 - 2024夏季款,2024-08-20,8948.12,63,563731.56,小黑盒新品,1
P2024000252,数码,美妆新品52 - 2024夏季款,2024-08-17,4295.22,479,2057410.38,普通新品,1
P2024000253,服饰,食品新品53 - 2024夏季款,2024-05-04,5375.66,42,225777.72,普通新品,0
P2024000254,食品,食品新品54 - 2024夏季款,2024-12-21,3337.13,418,1394920.34,小黑盒新品,1
P2024000255,家居,家居新品55 - 2024夏季款,2024-07-24,5669.43,486,2755342.98,普通新品,1
P2024000256,服饰,食品新品56 - 2024夏季款,2024-08-24,2580.65,280,722582.0,普通新品,0
P2024000257,美妆,家居新品57 - 2024夏季款,2024-08-21,1842.6,177,326140.2,小黑盒新品,1
P2024000258,数码,家居新品58 - 2024夏季款,2024-02-25,2386.05,333,794554.65,小黑盒新品,1
P2024000259,美妆,美妆新品59 - 2024夏季款,2024-11-27,7089.03,396,2807255.88,普通新品,1
P2024000260,美妆,美妆新品60 - 2024夏季款,2024-01-23,6701.64,289,1936773.96,小黑盒新品,1
P2024000261,服饰,数码新品61 - 2024夏季款,2024-07-03,5325.23,326,1736024.98,小黑盒新品,1
P2024000262,美妆,美妆新品62 - 2024夏季款,2024-03-07,9227.35,491,4530628.85,小黑盒新品,1
P2024000263,家居,食品新品63 - 2024夏季款,2024-05-25,8935.55,121,1081201.55,小黑盒新品,0
P2024000264,食品,食品新品64 - 2024夏季款,2024-07-05,172.35,383,66010.05,小黑盒新品,1
P2024000265,食品,数码新品65 - 2024夏季款,2024-06-08,9973.6,89,887650.4,小黑盒新品,0
P2024000266,服饰,数码新品66 - 2024夏季款,2024-12-30,9915.0,358,3549570.0,普通新品,0
P2024000267,食品,数码新品67 - 2024夏季款,2024-06-24,8889.54,15,133343.1,小黑盒新品,0
P2024000268,数码,食品新品68 - 2024夏季款,2024-05-21,356.08,51,18160.08,普通新品,1
P2024000269,美妆,家居新品69 - 2024夏季款,2024-05-12,9594.71,398,3818694.58,小黑盒新品,1
P2024000270,数码,家居新品70 - 2024夏季款,2024-11-20,5949.41,258,1534947.78,小黑盒新品,1
P2024000271,服饰,食品新品71 - 2024夏季款,2024-05-12,3033.28,237,718887.36,小黑盒新品,1
P2024000272,食品,美妆新品72 - 2024夏季款,2024-03-22,7779.06,249,1936985.94,普通新品,0
P2024000273,美妆,服饰新品73 - 2024夏季款,2024-05-18,2158.27,191,412229.57,普通新品,1
P2024000274,数码,美妆新品74 - 2024夏季款,2024-07-21,6881.68,300,2064504.0,普通新品,0
P2024000275,家居,美妆新品75 - 2024夏季款,2024-04-04,4747.29,34,161407.86,普通新品,1
P2024000276,美妆,服饰新品76 - 2024夏季款,2024-07-04,2292.92,229,525078.68,小黑盒新品,1
P2024000277,服饰,数码新品77 - 2024夏季款,2024-08-07,7878.21,402,3167040.42,小黑盒新品,0
P2024000278,食品,数码新品78 - 2024夏季款,2024-02-29,92.0,144,13248.0,小黑盒新品,1
P2024000279,美妆,数码新品79 - 2024夏季款,2024-12-04,6985.55,48,335306.4,小黑盒新品,0
P2024000280,食品,家居新品80 - 2024夏季款,2024-10-24,1661.04,219,363767.76,普通新品,0
P2024000281,数码,数码新品81 - 2024夏季款,2024-10-10,3530.64,331,1168641.84,小黑盒新品,0
P2024000282,家居,家居新品82 - 2024夏季款,2024-01-09,1894.64,332,629020.48,普通新品,0
P2024000283,家居,数码新品83 - 2024夏季款,2024-11-17,3519.66,217,763766.22,小黑盒新品,1
P2024000284,服饰,美妆新品84 - 2024夏季款,2024-07-19,1097.03,151,165651.53,普通新品,0
P2024000285,食品,食品新品85 - 2024夏季款,2024-04-27,2909.78,297,864204.66,普通新品,1
P2024000286,服饰,家居新品86 - 2024夏季款,2024-09-16,3885.96,402,1562155.92,小黑盒新品,0
P2024000287,美妆,食品新品87 - 2024夏季款,2024-03-06,5334.53,256,1365639.68,小黑盒新品,0
P2024000288,数码,服饰新品88 - 2024夏季款,2024-11-05,3467.59,361,1251799.99,普通新品,0
P2024000289,家居,食品新品89 - 2024夏季款,2024-09-02,7333.73,235,1723426.55,普通新品,1
P2024000290,服饰,家居新品90 - 2024夏季款,2024-07-29,9159.88,233,2134252.04,小黑盒新品,0
P2024000291,家居,服饰新品91 - 2024夏季款,2024-03-22,2342.52,210,491929.2,小黑盒新品,1
P2024000292,食品,服饰新品92 - 2024夏季款,2024-08-24,8310.07,322,2675842.54,小黑盒新品,1
P2024000293,家居,食品新品93 - 2024夏季款,2024-06-05,3580.3,212,759023.6,普通新品,1
P2024000294,服饰,数码新品94 - 2024夏季款,2024-08-05,7811.37,201,1570085.37,小黑盒新品,1
P2024000295,服饰,美妆新品95 - 2024夏季款,2024-04-10,324.13,378,122521.14,小黑盒新品,1
P2024000296,服饰,数码新品96 - 2024夏季款,2024-09-23,5168.98,500,2584490.0,小黑盒新品,0
P2024000297,美妆,服饰新品97 - 2024夏季款,2024-02-16,1373.97,190,261054.3,普通新品,1
P2024000298,家居,家居新品98 - 2024夏季款,2024-09-11,114.77,114,13083.78,普通新品,0
P2024000299,服饰,美妆新品99 - 2024夏季款,2024-07-28,7134.5,170,1212865.0,小黑盒新品,0
P2024000300,家居,食品新品0 - 2024夏季款,2024-08-31,5004.43,435,2176927.05,小黑盒新品,0
P2024000301,服饰,家居新品1 - 2024夏季款,2024-09-26,5805.02,114,661772.28,小黑盒新品,1
P2024000302,家居,家居新品2 - 2024夏季款,2024-02-01,6918.11,288,1992415.68,小黑盒新品,0
P2024000303,服饰,美妆新品3 - 2024夏季款,2024-06-26,2228.72,31,69090.32,普通新品,1
P2024000304,服饰,家居新品4 - 2024夏季款,2024-04-21,7301.25,358,2613847.5,普通新品,1
P2024000305,食品,服饰新品5 - 2024夏季款,2024-09-18,713.03,109,77720.27,普通新品,0
P2024000306,美妆,美妆新品6 - 2024夏季款,2024-02-06,1664.09,44,73219.96,小黑盒新品,0
P2024000307,服饰,数码新品7 - 2024夏季款,2024-08-13,3958.12,362,1432839.44,普通新品,1
P2024000308,食品,食品新品8 - 2024夏季款,2024-08-25,4383.68,158,692621.44,普通新品,1
P2024000309,美妆,数码新品9 - 2024夏季款,2024-07-02,2396.57,388,929869.16,普通新品,1
P2024000310,家居,数码新品10 - 2024夏季款,2024-05-29,7306.53,268,1958150.04,普通新品,1
P2024000311,家居,美妆新品11 - 2024夏季款,2024-10-21,8463.55,498,4214847.9,普通新品,1
P2024000312,数码,数码新品12 - 2024夏季款,2024-09-05,2997.77,482,1444925.14,小黑盒新品,0
P2024000313,服饰,美妆新品13 - 2024夏季款,2024-08-06,3123.71,286,893381.06,普通新品,1
P2024000314,服饰,家居新品14 - 2024夏季款,2024-09-26,9659.74,246,2376296.04,普通新品,0
P2024000315,食品,美妆新品15 - 2024夏季款,2024-12-19,1878.47,63,118343.61,普通新品,0
P2024000316,美妆,美妆新品16 - 2024夏季款,2024-07-08,3378.34,323,1091203.82,小黑盒新品,0
P2024000317,服饰,食品新品17 - 2024夏季款,2024-10-23,7615.96,472,3594733.12,小黑盒新品,1
P2024000318,数码,美妆新品18 - 2024夏季款,2024-12-09,9114.71,493,4493552.03,普通新品,0
P2024000319,美妆,食品新品19 - 2024夏季款,2024-05-25,2409.19,256,616752.64,小黑盒新品,0
P2024000320,服饰,家居新品20 - 2024夏季款,2024-12-01,9213.8,19,175062.2,小黑盒新品,0
P2024000321,服饰,美妆新品21 - 2024夏季款,2024-07-27,6714.44,213,1430175.72,普通新品,1
P2024000322,数码,数码新品22 - 2024夏季款,2024-02-20,6665.79,197,1313160.63,普通新品,1
P2024000323,美妆,数码新品23 - 2024夏季款,2024-06-28,3270.45,128,418617.6,小黑盒新品,1
P2024000324,数码,食品新品24 - 2024夏季款,2024-04-22,2643.43,141,372723.63,普通新品,0
P2024000325,服饰,家居新品25 - 2024夏季款,2024-02-23,8172.84,367,2999432.28,小黑盒新品,1
P2024000326,服饰,食品新品26 - 2024夏季款,2024-10-27,3546.61,239,847639.79,小黑盒新品,0
P2024000327,食品,家居新品27 - 2024夏季款,2024-07-20,8445.64,86,726325.04,小黑盒新品,1
P2024000328,服饰,服饰新品28 - 2024夏季款,2024-07-25,2068.25,195,403308.75,小黑盒新品,1
P2024000329,服饰,美妆新品29 - 2024夏季款,2024-08-27,4030.18,304,1225174.72,普通新品,1
P2024000330,美妆,数码新品30 - 2024夏季款,2024-01-04,6048.34,472,2854816.48,普通新品,0
P2024000331,食品,美妆新品31 - 2024夏季款,2024-03-03,4429.01,302,1337561.02,普通新品,0
P2024000332,家居,服饰新品32 - 2024夏季款,2024-07-02,7603.37,229,1741171.73,小黑盒新品,1
P2024000333,美妆,家居新品33 - 2024夏季款,2024-09-26,2328.6,384,894182.4,普通新品,0
P2024000334,美妆,美妆新品34 - 2024夏季款,2024-05-30,9031.99,172,1553502.28,普通新品,1
P2024000335,美妆,家居新品35 - 2024夏季款,2024-02-24,8921.54,97,865389.38,普通新品,1
P2024000336,食品,家居新品36 - 2024夏季款,2024-11-19,3228.98,197,636109.06,普通新品,0
P2024000337,美妆,家居新品37 - 2024夏季款,2024-02-14,4747.07,75,356030.25,普通新品,1
P2024000338,食品,家居新品38 - 2024夏季款,2024-12-27,9837.62,307,3020149.34,普通新品,1
P2024000339,美妆,服饰新品39 - 2024夏季款,2024-07-08,3345.88,82,274362.16,小黑盒新品,1
P2024000340,数码,美妆新品40 - 2024夏季款,2024-04-13,1123.43,27,30332.61,普通新品,0
P2024000341,数码,数码新品41 - 2024夏季款,2024-04-21,2977.91,12,35734.92,普通新品,1
P2024000342,数码,数码新品42 - 2024夏季款,2024-12-21,2929.54,262,767539.48,普通新品,0
P2024000343,食品,家居新品43 - 2024夏季款,2024-11-18,8815.11,283,2494676.13,小黑盒新品,1
P2024000344,数码,食品新品44 - 2024夏季款,2024-02-01,8326.72,42,349722.24,普通新品,1
P2024000345,数码,食品新品45 - 2024夏季款,2024-03-08,2442.93,255,622947.15,普通新品,1
P2024000346,食品,数码新品46 - 2024夏季款,2024-03-04,673.76,112,75461.12,小黑盒新品,0
P2024000347,服饰,家居新品47 - 2024夏季款,2024-04-20,3594.75,221,794439.75,普通新品,1
P2024000348,食品,美妆新品48 - 2024夏季款,2024-05-18,9169.68,400,3667872.0,普通新品,0
P2024000349,数码,服饰新品49 - 2024夏季款,2024-07-28,6879.81,340,2339135.4,普通新品,1
P2024000350,数码,美妆新品50 - 2024夏季款,2024-03-19,3496.21,483,1688669.43,普通新品,0
P2024000351,数码,服饰新品51 - 2024夏季款,2024-08-11,4492.05,143,642363.15,普通新品,0
P2024000352,服饰,食品新品52 - 2024夏季款,2024-04-28,1310.68,217,284417.56,小黑盒新品,0
P2024000353,食品,家居新品53 - 2024夏季款,2024-12-27,5730.98,387,2217889.26,小黑盒新品,1
P2024000354,美妆,数码新品54 - 2024夏季款,2024-09-30,6082.67,94,571770.98,小黑盒新品,0
P2024000355,服饰,家居新品55 - 2024夏季款,2024-01-05,1709.4,165,282051.0,小黑盒新品,0
P2024000356,食品,美妆新品56 - 2024夏季款,2024-05-27,9942.18,24,238612.32,小黑盒新品,1
P2024000357,服饰,食品新品57 - 2024夏季款,2024-01-22,1096.34,326,357406.84,小黑盒新品,1
P2024000358,美妆,美妆新品58 - 2024夏季款,2024-03-10,5629.46,442,2488221.32,普通新品,1
P2024000359,家居,家居新品59 - 2024夏季款,2024-02-25,1523.59,330,502784.7,普通新品,1
P2024000360,美妆,美妆新品60 - 2024夏季款,2024-10-30,5238.14,306,1602870.84,普通新品,1
P2024000361,数码,服饰新品61 - 2024夏季款,2024-11-08,4665.97,121,564582.37,普通新品,0
P2024000362,食品,数码新品62 - 2024夏季款,2024-02-10,681.01,486,330970.86,小黑盒新品,1
P2024000363,数码,服饰新品63 - 2024夏季款,2024-12-24,5058.39,298,1507400.22,小黑盒新品,0
P2024000364,食品,数码新品64 - 2024夏季款,2024-02-21,4988.01,336,1675971.36,普通新品,1
P2024000365,食品,食品新品65 - 2024夏季款,2024-07-20,5787.33,287,1660963.71,普通新品,1
P2024000366,服饰,家居新品66 - 2024夏季款,2024-08-05,1599.75,67,107183.25,小黑盒新品,1
P2024000367,数码,食品新品67 - 2024夏季款,2024-04-21,7269.26,382,2776857.32,普通新品,1
P2024000368,服饰,家居新品68 - 2024夏季款,2024-08-22,3050.64,405,1235509.2,普通新品,1
P2024000369,食品,数码新品69 - 2024夏季款,2024-07-30,3831.94,327,1253044.38,普通新品,1
P2024000370,食品,家居新品70 - 2024夏季款,2024-12-17,5114.29,438,2240059.02,普通新品,0
P2024000371,食品,美妆新品71 - 2024夏季款,2024-06-17,1148.62,81,93038.22,小黑盒新品,0
P2024000372,数码,食品新品72 - 2024夏季款,2024-02-20,8082.55,484,3911954.2,小黑盒新品,1
P2024000373,美妆,美妆新品73 - 2024夏季款,2024-07-04,8328.19,218,1815545.42,普通新品,0
P2024000374,服饰,食品新品74 - 2024夏季款,2024-07-17,5650.21,266,1502955.86,普通新品,0
P2024000375,食品,食品新品75 - 2024夏季款,2024-02-22,6292.49,65,409011.85,普通新品,0
P2024000376,美妆,美妆新品76 - 2024夏季款,2024-02-29,3049.31,87,265289.97,普通新品,1
P2024000377,食品,美妆新品77 - 2024夏季款,2024-09-24,4176.9,134,559704.6,小黑盒新品,0
P2024000378,服饰,美妆新品78 - 2024夏季款,2024-05-14,9221.52,42,387303.84,小黑盒新品,0
P2024000379,家居,食品新品79 - 2024夏季款,2024-01-29,1952.18,171,333822.78,普通新品,0
P2024000380,食品,食品新品80 - 2024夏季款,2024-09-11,6034.7,138,832788.6,小黑盒新品,1
P2024000381,食品,食品新品81 - 2024夏季款,2024-03-08,7036.9,254,1787372.6,普通新品,0
P2024000382,服饰,美妆新品82 - 2024夏季款,2024-03-08,1647.33,474,780834.42,小黑盒新品,0
P2024000383,食品,家居新品83 - 2024夏季款,2024-07-03,6839.86,409,2797502.74,小黑盒新品,0
P2024000384,家居,服饰新品84 - 2024夏季款,2024-05-26,2546.35,170,432879.5,普通新品,0
P2024000385,服饰,数码新品85 - 2024夏季款,2024-11-09,8063.27,361,2910840.47,普通新品,1
P2024000386,数码,数码新品86 - 2024夏季款,2024-05-22,7085.54,210,1487963.4,普通新品,1
P2024000387,数码,美妆新品87 - 2024夏季款,2024-05-17,4610.08,155,714562.4,普通新品,1
P2024000388,食品,服饰新品88 - 2024夏季款,2024-02-25,1404.41,492,690969.72,普通新品,1
P2024000389,美妆,服饰新品89 - 2024夏季款,2024-01-07,7252.28,137,993562.36,小黑盒新品,0
P2024000390,食品,数码新品90 - 2024夏季款,2024-02-22,782.32,4,3129.28,普通新品,1
P2024000391,食品,数码新品91 - 2024夏季款,2024-11-08,1407.49,451,634777.99,普通新品,1
P2024000392,服饰,家居新品92 - 2024夏季款,2024-08-26,8971.72,272,2440307.84,普通新品,1
P2024000393,美妆,数码新品93 - 2024夏季款,2024-02-25,7799.93,63,491395.59,普通新品,0
P2024000394,食品,美妆新品94 - 2024夏季款,2024-09-28,7272.95,133,967302.35,普通新品,1
P2024000395,数码,家居新品95 - 2024夏季款,2024-07-31,3813.46,187,713117.02,普通新品,1
P2024000396,服饰,家居新品96 - 2024夏季款,2024-11-06,3516.69,334,1174574.46,普通新品,1
P2024000397,数码,服饰新品97 - 2024夏季款,2024-05-07,3041.45,408,1240911.6,普通新品,0
P2024000398,食品,食品新品98 - 2024夏季款,2024-04-11,6543.33,369,2414488.77,小黑盒新品,1
P2024000399,数码,服饰新品99 - 2024夏季款,2024-11-15,8854.06,233,2062995.98,普通新品,0
P2024000400,服饰,家居新品0 - 2024夏季款,2024-10-02,1782.16,216,384946.56,普通新品,1
P2024000401,美妆,美妆新品1 - 2024夏季款,2024-01-26,1384.0,184,254656.0,小黑盒新品,1
P2024000402,美妆,服饰新品2 - 2024夏季款,2024-11-30,4611.35,340,1567859.0,普通新品,1
P2024000403,服饰,家居新品3 - 2024夏季款,2024-06-10,4384.32,106,464737.92,小黑盒新品,0
P2024000404,美妆,服饰新品4 - 2024夏季款,2024-06-19,8285.46,258,2137648.68,普通新品,0
P2024000405,食品,数码新品5 - 2024夏季款,2024-12-15,7299.44,418,3051165.92,普通新品,0
P2024000406,食品,数码新品6 - 2024夏季款,2024-08-17,2490.01,33,82170.33,小黑盒新品,0
P2024000407,家居,家居新品7 - 2024夏季款,2024-02-16,1502.68,292,438782.56,小黑盒新品,0
P2024000408,美妆,食品新品8 - 2024夏季款,2024-10-08,8892.65,191,1698496.15,小黑盒新品,1
P2024000409,数码,美妆新品9 - 2024夏季款,2024-10-17,43.58,211,9195.38,普通新品,1
P2024000410,家居,家居新品10 - 2024夏季款,2024-11-12,9063.16,51,462221.16,小黑盒新品,1
P2024000411,家居,美妆新品11 - 2024夏季款,2024-10-20,2993.63,128,383184.64,小黑盒新品,0
P2024000412,数码,美妆新品12 - 2024夏季款,2024-06-26,80.79,248,20035.92,普通新品,0
P2024000413,家居,数码新品13 - 2024夏季款,2024-11-28,6410.99,63,403892.37,小黑盒新品,1
P2024000414,数码,服饰新品14 - 2024夏季款,2024-09-14,7379.96,217,1601451.32,小黑盒新品,0
P2024000415,数码,食品新品15 - 2024夏季款,2024-03-03,7091.31,374,2652149.94,普通新品,1
P2024000416,数码,美妆新品16 - 2024夏季款,2024-05-12,6366.52,45,286493.4,小黑盒新品,0
P2024000417,数码,美妆新品17 - 2024夏季款,2024-06-21,1043.17,200,208634.0,小黑盒新品,0
P2024000418,食品,家居新品18 - 2024夏季款,2024-08-03,8468.72,491,4158141.52,普通新品,1
P2024000419,家居,食品新品19 - 2024夏季款,2024-11-15,2320.92,201,466504.92,普通新品,1
P2024000420,家居,食品新品20 - 2024夏季款,2024-10-18,2043.38,316,645708.08,小黑盒新品,1
P2024000421,服饰,家居新品21 - 2024夏季款,2024-10-07,3644.96,171,623288.16,小黑盒新品,0
P2024000422,家居,服饰新品22 - 2024夏季款,2024-03-22,7762.08,494,3834467.52,小黑盒新品,0
P2024000423,数码,家居新品23 - 2024夏季款,2024-12-28,556.54,208,115760.32,小黑盒新品,0
P2024000424,家居,美妆新品24 - 2024夏季款,2024-09-13,3050.24,212,646650.88,小黑盒新品,0
P2024000425,服饰,服饰新品25 - 2024夏季款,2024-09-09,6685.08,224,1497457.92,普通新品,1
P2024000426,家居,服饰新品26 - 2024夏季款,2024-02-17,5356.96,252,1349953.92,普通新品,1
P2024000427,美妆,食品新品27 - 2024夏季款,2024-01-27,3998.61,495,1979311.95,普通新品,0
P2024000428,数码,食品新品28 - 2024夏季款,2024-08-18,7641.53,339,2590478.67,小黑盒新品,0
P2024000429,服饰,家居新品29 - 2024夏季款,2024-04-18,8426.53,441,3716099.73,普通新品,0
P2024000430,服饰,食品新品30 - 2024夏季款,2024-06-01,5893.97,142,836943.74,普通新品,0
P2024000431,数码,服饰新品31 - 2024夏季款,2024-09-13,5582.6,13,72573.8,小黑盒新品,1
P2024000432,家居,数码新品32 - 2024夏季款,2024-01-15,3127.95,187,584926.65,普通新品,0
P2024000433,美妆,数码新品33 - 2024夏季款,2024-01-06,7197.92,437,3145491.04,普通新品,1
P2024000434,数码,美妆新品34 - 2024夏季款,2024-03-19,4516.61,148,668458.28,小黑盒新品,0
P2024000435,食品,美妆新品35 - 2024夏季款,2024-04-22,5970.4,252,1504540.8,普通新品,1
P2024000436,数码,数码新品36 - 2024夏季款,2024-03-21,1977.36,244,482475.84,普通新品,0
P2024000437,家居,家居新品37 - 2024夏季款,2024-12-06,9058.31,26,235516.06,普通新品,1
P2024000438,服饰,食品新品38 - 2024夏季款,2024-11-25,7844.0,120,941280.0,小黑盒新品,0
P2024000439,食品,服饰新品39 - 2024夏季款,2024-07-07,292.82,429,125619.78,普通新品,1
P2024000440,美妆,食品新品40 - 2024夏季款,2024-05-12,7147.53,163,1165047.39,小黑盒新品,1
P2024000441,数码,服饰新品41 - 2024夏季款,2024-12-31,4225.11,474,2002702.14,普通新品,1
P2024000442,家居,服饰新品42 - 2024夏季款,2024-07-17,7680.1,139,1067533.9,小黑盒新品,0
P2024000443,食品,服饰新品43 - 2024夏季款,2024-10-13,2689.68,84,225933.12,普通新品,0
P2024000444,食品,服饰新品44 - 2024夏季款,2024-11-20,8982.03,205,1841316.15,小黑盒新品,1
P2024000445,食品,家居新品45 - 2024夏季款,2024-06-14,632.75,422,267020.5,普通新品,0
P2024000446,服饰,美妆新品46 - 2024夏季款,2024-11-11,1934.4,417,806644.8,普通新品,1
P2024000447,家居,家居新品47 - 2024夏季款,2024-12-04,4966.71,16,79467.36,普通新品,0
P2024000448,服饰,家居新品48 - 2024夏季款,2024-01-09,6408.17,429,2749104.93,小黑盒新品,0
P2024000449,美妆,数码新品49 - 2024夏季款,2024-04-26,8259.79,250,2064947.5,小黑盒新品,0
P2024000450,美妆,数码新品50 - 2024夏季款,2024-12-31,4519.69,382,1726521.58,普通新品,1
P2024000451,家居,数码新品51 - 2024夏季款,2024-01-26,9911.31,387,3835676.97,小黑盒新品,0
P2024000452,家居,家居新品52 - 2024夏季款,2024-09-08,7563.12,388,2934490.56,小黑盒新品,0
P2024000453,服饰,家居新品53 - 2024夏季款,2024-07-26,4517.08,43,194234.44,普通新品,0
P2024000454,美妆,家居新品54 - 2024夏季款,2024-07-12,9327.62,199,1856196.38,普通新品,0
P2024000455,美妆,数码新品55 - 2024夏季款,2024-04-07,8558.78,81,693261.18,普通新品,1
P2024000456,食品,数码新品56 - 2024夏季款,2024-06-01,85.28,445,37949.6,小黑盒新品,1
P2024000457,美妆,家居新品57 - 2024夏季款,2024-06-03,6013.71,308,1852222.68,普通新品,0
P2024000458,食品,家居新品58 - 2024夏季款,2024-05-28,8371.79,300,2511537.0,普通新品,0
P2024000459,服饰,家居新品59 - 2024夏季款,2024-01-09,9368.23,458,4290649.34,小黑盒新品,0
P2024000460,家居,食品新品60 - 2024夏季款,2024-05-04,1598.7,444,709822.8,普通新品,0
P2024000461,数码,家居新品61 - 2024夏季款,2024-08-25,9286.87,412,3826190.44,小黑盒新品,0
P2024000462,服饰,美妆新品62 - 2024夏季款,2024-11-05,9460.84,313,2961242.92,小黑盒新品,1
P2024000463,家居,美妆新品63 - 2024夏季款,2024-01-02,613.62,493,302514.66,普通新品,0
P2024000464,服饰,家居新品64 - 2024夏季款,2024-10-04,9185.88,359,3297730.92,普通新品,0
P2024000465,数码,服饰新品65 - 2024夏季款,2024-11-07,5163.79,158,815878.82,普通新品,1
P2024000466,数码,家居新品66 - 2024夏季款,2024-07-12,6086.83,402,2446905.66,小黑盒新品,1
P2024000467,食品,数码新品67 - 2024夏季款,2024-02-03,1736.48,75,130236.0,小黑盒新品,0
P2024000468,食品,服饰新品68 - 2024夏季款,2024-04-07,4754.08,369,1754255.52,小黑盒新品,0
P2024000469,服饰,美妆新品69 - 2024夏季款,2024-04-27,9211.08,456,4200252.48,小黑盒新品,0
P2024000470,服饰,食品新品70 - 2024夏季款,2024-09-14,8415.66,77,648005.82,小黑盒新品,1
P2024000471,食品,美妆新品71 - 2024夏季款,2024-01-08,6179.15,290,1791953.5,普通新品,1
P2024000472,食品,服饰新品72 - 2024夏季款,2024-01-12,8935.78,127,1134844.06,小黑盒新品,1
P2024000473,食品,家居新品73 - 2024夏季款,2024-07-12,8688.77,408,3545018.16,小黑盒新品,1
P2024000474,服饰,食品新品74 - 2024夏季款,2024-05-25,5954.48,158,940807.84,小黑盒新品,0
P2024000475,服饰,数码新品75 - 2024夏季款,2024-09-22,3319.41,329,1092085.89,普通新品,0
P2024000476,食品,数码新品76 - 2024夏季款,2024-11-11,2701.56,234,632165.04,普通新品,1
P2024000477,家居,食品新品77 - 2024夏季款,2024-05-29,5508.0,84,462672.0,小黑盒新品,1
P2024000478,家居,家居新品78 - 2024夏季款,2024-06-27,2123.31,43,91302.33,普通新品,0
P2024000479,服饰,美妆新品79 - 2024夏季款,2024-04-25,1215.65,315,382929.75,普通新品,1
P2024000480,美妆,美妆新品80 - 2024夏季款,2024-07-09,3221.42,32,103085.44,小黑盒新品,0
P2024000481,食品,美妆新品81 - 2024夏季款,2024-05-09,6459.22,327,2112164.94,普通新品,0
P2024000482,食品,美妆新品82 - 2024夏季款,2024-04-18,2756.86,155,427313.3,小黑盒新品,1
P2024000483,家居,家居新品83 - 2024夏季款,2024-01-17,3351.61,162,542960.82,普通新品,1
P2024000484,食品,服饰新品84 - 2024夏季款,2024-05-27,9474.02,221,2093758.42,小黑盒新品,1
P2024000485,家居,家居新品85 - 2024夏季款,2024-09-22,442.55,29,12833.95,小黑盒新品,1
P2024000486,服饰,数码新品86 - 2024夏季款,2024-07-29,868.08,387,335946.96,普通新品,0
P2024000487,美妆,美妆新品87 - 2024夏季款,2024-11-02,1587.66,489,776365.74,小黑盒新品,0
P2024000488,食品,家居新品88 - 2024夏季款,2024-09-01,3519.47,340,1196619.8,普通新品,0
P2024000489,数码,食品新品89 - 2024夏季款,2024-01-12,963.97,265,255452.05,普通新品,0
P2024000490,数码,服饰新品90 - 2024夏季款,2024-06-16,363.88,68,24743.84,小黑盒新品,1
P2024000491,家居,服饰新品91 - 2024夏季款,2024-08-23,5219.44,413,2155628.72,普通新品,1
P2024000492,美妆,家居新品92 - 2024夏季款,2024-09-16,4119.93,406,1672691.58,小黑盒新品,1
P2024000493,数码,服饰新品93 - 2024夏季款,2024-09-27,8972.25,417,3741428.25,普通新品,1
P2024000494,数码,家居新品94 - 2024夏季款,2024-12-03,5975.93,59,352579.87,小黑盒新品,0
P2024000495,服饰,数码新品95 - 2024夏季款,2024-11-27,8050.25,257,2068914.25,普通新品,0
P2024000496,美妆,服饰新品96 - 2024夏季款,2024-01-26,6127.07,475,2910358.25,普通新品,0
P2024000497,食品,美妆新品97 - 2024夏季款,2024-03-22,7182.29,39,280109.31,小黑盒新品,1
P2024000498,家居,数码新品98 - 2024夏季款,2024-09-20,1732.7,291,504215.7,小黑盒新品,0
P2024000499,服饰,美妆新品99 - 2024夏季款,2024-10-04,8653.29,467,4041086.43,普通新品,1
P2024000500,美妆,食品新品0 - 2024夏季款,2024-05-23,2914.77,185,539232.45,小黑盒新品,1
P2024000501,家居,食品新品1 - 2024夏季款,2024-02-15,4539.29,147,667275.63,普通新品,1
P2024000502,美妆,美妆新品2 - 2024夏季款,2024-09-14,882.89,232,204830.48,普通新品,0
P2024000503,服饰,食品新品3 - 2024夏季款,2024-07-21,4946.4,58,286891.2,普通新品,0
P2024000504,家居,美妆新品4 - 2024夏季款,2024-05-25,6778.54,218,1477721.72,普通新品,0
P2024000505,家居,食品新品5 - 2024夏季款,2024-10-07,8020.25,78,625579.5,普通新品,1
P2024000506,家居,服饰新品6 - 2024夏季款,2024-11-12,6198.82,396,2454732.72,普通新品,0
P2024000507,数码,美妆新品7 - 2024夏季款,2024-04-12,7853.33,212,1664905.96,小黑盒新品,1
P2024000508,服饰,服饰新品8 - 2024夏季款,2024-09-12,5990.69,356,2132685.64,普通新品,0
P2024000509,美妆,家居新品9 - 2024夏季款,2024-04-11,4343.11,64,277959.04,普通新品,0
P2024000510,美妆,食品新品10 - 2024夏季款,2024-11-19,6685.85,96,641841.6,小黑盒新品,1
P2024000511,食品,服饰新品11 - 2024夏季款,2024-03-02,3067.77,342,1049177.34,小黑盒新品,0
P2024000512,美妆,服饰新品12 - 2024夏季款,2024-09-13,525.57,80,42045.6,小黑盒新品,0
P2024000513,服饰,家居新品13 - 2024夏季款,2024-11-27,1234.77,90,111129.3,普通新品,0
P2024000514,服饰,服饰新品14 - 2024夏季款,2024-03-19,9369.96,310,2904687.6,普通新品,0
P2024000515,食品,食品新品15 - 2024夏季款,2024-05-10,9940.45,263,2614338.35,普通新品,0
P2024000516,家居,食品新品16 - 2024夏季款,2024-01-24,5082.14,322,1636449.08,小黑盒新品,0
P2024000517,美妆,数码新品17 - 2024夏季款,2024-01-28,1662.76,222,369132.72,小黑盒新品,0
P2024000518,美妆,家居新品18 - 2024夏季款,2024-07-25,2543.09,353,897710.77,小黑盒新品,1
P2024000519,家居,家居新品19 - 2024夏季款,2024-04-29,3852.74,247,951626.78,小黑盒新品,0
P2024000520,服饰,美妆新品20 - 2024夏季款,2024-07-30,1834.5,259,475135.5,普通新品,1
P2024000521,食品,数码新品21 - 2024夏季款,2024-01-20,917.04,473,433759.92,普通新品,0
P2024000522,美妆,美妆新品22 - 2024夏季款,2024-06-24,5703.28,84,479075.52,普通新品,1
P2024000523,美妆,数码新品23 - 2024夏季款,2024-06-14,477.38,62,29597.56,小黑盒新品,0
P2024000524,食品,服饰新品24 - 2024夏季款,2024-08-30,5941.87,106,629838.22,普通新品,1
P2024000525,美妆,数码新品25 - 2024夏季款,2024-05-28,1731.15,433,749587.95,普通新品,0
P2024000526,数码,美妆新品26 - 2024夏季款,2024-06-20,9663.82,202,1952091.64,小黑盒新品,1
P2024000527,数码,数码新品27 - 2024夏季款,2024-06-17,5485.18,461,2528667.98,小黑盒新品,0
P2024000528,家居,美妆新品28 - 2024夏季款,2024-02-01,2332.35,296,690375.6,普通新品,0
P2024000529,家居,食品新品29 - 2024夏季款,2024-03-24,1384.17,158,218698.86,小黑盒新品,0
P2024000530,数码,美妆新品30 - 2024夏季款,2024-01-05,3325.68,243,808140.24,小黑盒新品,1
P2024000531,美妆,家居新品31 - 2024夏季款,2024-07-08,999.31,118,117918.58,小黑盒新品,1
P2024000532,家居,服饰新品32 - 2024夏季款,2024-12-03,3725.8,21,78241.8,普通新品,0
P2024000533,美妆,家居新品33 - 2024夏季款,2024-03-14,1331.52,70,93206.4,小黑盒新品,0
P2024000534,家居,家居新品34 - 2024夏季款,2024-01-07,7848.43,4,31393.72,小黑盒新品,0
P2024000535,食品,数码新品35 - 2024夏季款,2024-03-27,1051.34,157,165060.38,小黑盒新品,0
P2024000536,美妆,食品新品36 - 2024夏季款,2024-01-05,3776.74,136,513636.64,小黑盒新品,0
P2024000537,家居,食品新品37 - 2024夏季款,2024-04-21,5060.22,49,247950.78,普通新品,0
P2024000538,服饰,服饰新品38 - 2024夏季款,2024-12-14,2223.77,195,433635.15,普通新品,1
P2024000539,美妆,食品新品39 - 2024夏季款,2024-01-25,2046.18,281,574976.58,普通新品,1
P2024000540,数码,家居新品40 - 2024夏季款,2024-11-22,5657.94,326,1844488.44,小黑盒新品,1
P2024000541,食品,家居新品41 - 2024夏季款,2024-06-14,3984.94,488,1944650.72,小黑盒新品,0
P2024000542,数码,美妆新品42 - 2024夏季款,2024-06-02,8364.03,76,635666.28,小黑盒新品,1
P2024000543,食品,数码新品43 - 2024夏季款,2024-11-10,2605.67,476,1240298.92,普通新品,1
P2024000544,美妆,食品新品44 - 2024夏季款,2024-11-03,4665.43,186,867769.98,普通新品,0
P2024000545,数码,家居新品45 - 2024夏季款,2024-08-11,8548.18,6,51289.08,普通新品,1
P2024000546,服饰,数码新品46 - 2024夏季款,2024-03-17,7113.39,191,1358657.49,普通新品,0
P2024000547,数码,数码新品47 - 2024夏季款,2024-01-17,3517.76,251,882957.76,普通新品,1
P2024000548,数码,食品新品48 - 2024夏季款,2024-11-29,8314.68,245,2037096.6,普通新品,0
P2024000549,家居,服饰新品49 - 2024夏季款,2024-02-17,3724.02,271,1009209.42,普通新品,0
P2024000550,服饰,家居新品50 - 2024夏季款,2024-11-03,1032.43,118,121826.74,小黑盒新品,1
P2024000551,家居,美妆新品51 - 2024夏季款,2024-12-03,9733.69,292,2842237.48,普通新品,1
P2024000552,食品,家居新品52 - 2024夏季款,2024-11-24,7209.53,397,2862183.41,普通新品,1
P2024000553,家居,美妆新品53 - 2024夏季款,2024-05-24,6876.39,323,2221073.97,小黑盒新品,0
P2024000554,美妆,美妆新品54 - 2024夏季款,2024-05-15,2042.46,44,89868.24,小黑盒新品,0
P2024000555,美妆,服饰新品55 - 2024夏季款,2024-09-24,9035.72,283,2557108.76,小黑盒新品,0
P2024000556,服饰,食品新品56 - 2024夏季款,2024-10-31,2375.81,295,700863.95,小黑盒新品,1
P2024000557,家居,数码新品57 - 2024夏季款,2024-10-08,3199.0,39,124761.0,小黑盒新品,0
P2024000558,美妆,美妆新品58 - 2024夏季款,2024-12-01,6117.68,30,183530.4,普通新品,0
P2024000559,美妆,家居新品59 - 2024夏季款,2024-09-07,2584.37,259,669351.83,小黑盒新品,0
P2024000560,食品,数码新品60 - 2024夏季款,2024-02-22,9071.79,257,2331450.03,普通新品,1
P2024000561,数码,美妆新品61 - 2024夏季款,2024-02-01,6834.71,459,3137131.89,小黑盒新品,1
P2024000562,服饰,食品新品62 - 2024夏季款,2024-10-09,2793.08,464,1295989.12,小黑盒新品,1
P2024000563,家居,美妆新品63 - 2024夏季款,2024-01-31,1662.51,125,207813.75,普通新品,0
P2024000564,家居,美妆新品64 - 2024夏季款,2024-05-30,9328.06,358,3339445.48,小黑盒新品,1
P2024000565,美妆,数码新品65 - 2024夏季款,2024-02-24,2954.14,317,936462.38,小黑盒新品,0
P2024000566,食品,数码新品66 - 2024夏季款,2024-05-17,1820.45,117,212992.65,小黑盒新品,0
P2024000567,服饰,数码新品67 - 2024夏季款,2024-08-20,3136.65,311,975498.15,小黑盒新品,1
P2024000568,食品,服饰新品68 - 2024夏季款,2024-08-14,2026.4,437,885536.8,普通新品,1
P2024000569,食品,食品新品69 - 2024夏季款,2024-04-02,9784.34,428,4187697.52,普通新品,0
P2024000570,美妆,食品新品70 - 2024夏季款,2024-05-11,5659.84,256,1448919.04,小黑盒新品,1
P2024000571,数码,数码新品71 - 2024夏季款,2024-03-27,2078.94,185,384603.9,普通新品,0
P2024000572,食品,美妆新品72 - 2024夏季款,2024-11-30,2014.84,423,852277.32,小黑盒新品,0
P2024000573,家居,家居新品73 - 2024夏季款,2024-10-10,2659.83,451,1199583.33,普通新品,0
P2024000574,数码,食品新品74 - 2024夏季款,2024-11-24,4776.25,330,1576162.5,小黑盒新品,1
P2024000575,服饰,食品新品75 - 2024夏季款,2024-10-26,4889.81,146,713912.26,普通新品,1
P2024000576,食品,美妆新品76 - 2024夏季款,2024-10-20,1013.75,121,122663.75,普通新品,0
P2024000577,美妆,家居新品77 - 2024夏季款,2024-03-07,5300.57,488,2586678.16,小黑盒新品,0
P2024000578,数码,美妆新品78 - 2024夏季款,2024-06-19,9751.21,27,263282.67,普通新品,1
P2024000579,数码,服饰新品79 - 2024夏季款,2024-01-08,6306.19,248,1563935.12,普通新品,1
P2024000580,服饰,食品新品80 - 2024夏季款,2024-01-16,818.88,80,65510.4,普通新品,1
P2024000581,美妆,家居新品81 - 2024夏季款,2024-01-20,9416.37,404,3804213.48,普通新品,1
P2024000582,数码,家居新品82 - 2024夏季款,2024-07-22,2876.0,166,477416.0,小黑盒新品,1
P2024000583,美妆,服饰新品83 - 2024夏季款,2024-07-05,2706.86,57,154291.02,普通新品,0
P2024000584,数码,数码新品84 - 2024夏季款,2024-08-03,9379.63,405,3798750.15,小黑盒新品,0
P2024000585,服饰,数码新品85 - 2024夏季款,2024-07-15,518.36,97,50280.92,普通新品,0
P2024000586,数码,服饰新品86 - 2024夏季款,2024-01-05,2479.36,80,198348.8,普通新品,0
P2024000587,服饰,服饰新品87 - 2024夏季款,2024-01-26,9128.21,297,2711078.37,小黑盒新品,0
P2024000588,数码,数码新品88 - 2024夏季款,2024-04-02,3646.79,249,908050.71,小黑盒新品,0
P2024000589,美妆,美妆新品89 - 2024夏季款,2024-01-29,2221.15,62,137711.3,小黑盒新品,1
P2024000590,数码,数码新品90 - 2024夏季款,2024-07-14,8996.91,131,1178595.21,小黑盒新品,1
P2024000591,服饰,数码新品91 - 2024夏季款,2024-07-23,9097.79,127,1155419.33,普通新品,1
P2024000592,服饰,食品新品92 - 2024夏季款,2024-11-19,6321.67,415,2623493.05,小黑盒新品,1
P2024000593,美妆,家居新品93 - 2024夏季款,2024-02-04,9237.49,299,2762009.51,普通新品,0
P2024000594,服饰,家居新品94 - 2024夏季款,2024-06-06,1216.77,331,402750.87,普通新品,0
P2024000595,数码,服饰新品95 - 2024夏季款,2024-06-20,6574.11,261,1715842.71,普通新品,0
P2024000596,数码,家居新品96 - 2024夏季款,2024-06-10,1038.63,100,103863.0,普通新品,1
P2024000597,食品,家居新品97 - 2024夏季款,2024-04-13,2295.72,178,408638.16,小黑盒新品,1
P2024000598,家居,美妆新品98 - 2024夏季款,2024-12-17,2834.87,302,856130.74,小黑盒新品,0
P2024000599,数码,食品新品99 - 2024夏季款,2024-08-08,2528.76,4,10115.04,普通新品,1
P2024000600,美妆,服饰新品0 - 2024夏季款,2024-04-19,230.73,219,50529.87,小黑盒新品,0
P2024000601,数码,食品新品1 - 2024夏季款,2024-07-29,9580.16,9,86221.44,小黑盒新品,0
P2024000602,服饰,家居新品2 - 2024夏季款,2024-04-30,3827.27,224,857308.48,小黑盒新品,1
P2024000603,食品,美妆新品3 - 2024夏季款,2024-06-14,1222.01,27,32994.27,小黑盒新品,1
P2024000604,家居,美妆新品4 - 2024夏季款,2024-04-01,753.17,224,168710.08,普通新品,1
P2024000605,数码,美妆新品5 - 2024夏季款,2024-02-27,283.16,109,30864.44,小黑盒新品,0
P2024000606,食品,服饰新品6 - 2024夏季款,2024-04-21,1193.83,88,105057.04,普通新品,0
P2024000607,服饰,服饰新品7 - 2024夏季款,2024-12-10,6782.88,297,2014515.36,小黑盒新品,0
P2024000608,数码,数码新品8 - 2024夏季款,2024-04-30,5399.82,471,2543315.22,小黑盒新品,0
P2024000609,家居,家居新品9 - 2024夏季款,2024-10-21,5157.97,83,428111.51,小黑盒新品,1
P2024000610,食品,服饰新品10 - 2024夏季款,2024-11-26,680.41,51,34700.91,小黑盒新品,1
P2024000611,美妆,数码新品11 - 2024夏季款,2024-08-24,5891.65,266,1567178.9,普通新品,0
P2024000612,食品,食品新品12 - 2024夏季款,2024-06-13,625.07,471,294407.97,小黑盒新品,1
P2024000613,家居,家居新品13 - 2024夏季款,2024-09-05,3976.56,82,326077.92,普通新品,0
P2024000614,家居,服饰新品14 - 2024夏季款,2024-04-18,4347.01,272,1182386.72,普通新品,1
P2024000615,家居,食品新品15 - 2024夏季款,2024-05-11,4817.21,334,1608948.14,小黑盒新品,1
P2024000616,数码,美妆新品16 - 2024夏季款,2024-07-16,1517.99,312,473612.88,小黑盒新品,1
P2024000617,食品,美妆新品17 - 2024夏季款,2024-01-12,6552.91,159,1041912.69,普通新品,1
P2024000618,食品,美妆新品18 - 2024夏季款,2024-04-03,5576.59,33,184027.47,小黑盒新品,1
P2024000619,食品,食品新品19 - 2024夏季款,2024-01-23,9665.84,263,2542115.92,普通新品,1
P2024000620,食品,家居新品20 - 2024夏季款,2024-02-22,7574.37,103,780160.11,普通新品,1
P2024000621,家居,数码新品21 - 2024夏季款,2024-10-26,9333.03,21,195993.63,小黑盒新品,0
P2024000622,家居,服饰新品22 - 2024夏季款,2024-04-12,5792.99,324,1876928.76,小黑盒新品,0
P2024000623,美妆,服饰新品23 - 2024夏季款,2024-01-01,6079.22,315,1914954.3,小黑盒新品,0
P2024000624,食品,食品新品24 - 2024夏季款,2024-12-18,1552.64,483,749925.12,普通新品,1
P2024000625,食品,服饰新品25 - 2024夏季款,2024-11-23,5831.54,139,810584.06,普通新品,1
P2024000626,食品,数码新品26 - 2024夏季款,2024-04-16,4340.89,197,855155.33,普通新品,0
P2024000627,数码,食品新品27 - 2024夏季款,2024-10-02,5411.8,379,2051072.2,小黑盒新品,1
P2024000628,家居,食品新品28 - 2024夏季款,2024-01-01,9006.52,310,2792021.2,小黑盒新品,1
P2024000629,食品,家居新品29 - 2024夏季款,2024-03-31,9705.58,97,941441.26,小黑盒新品,1
P2024000630,服饰,美妆新品30 - 2024夏季款,2024-04-21,6086.66,492,2994636.72,小黑盒新品,0
P2024000631,家居,数码新品31 - 2024夏季款,2024-02-29,3436.91,290,996703.9,普通新品,1
P2024000632,食品,食品新品32 - 2024夏季款,2024-09-29,2832.3,481,1362336.3,小黑盒新品,0
P2024000633,家居,数码新品33 - 2024夏季款,2024-05-06,6164.86,472,2909813.92,普通新品,0
P2024000634,家居,服饰新品34 - 2024夏季款,2024-10-09,468.78,233,109225.74,小黑盒新品,0
P2024000635,食品,服饰新品35 - 2024夏季款,2024-03-16,2844.75,81,230424.75,小黑盒新品,1
P2024000636,家居,食品新品36 - 2024夏季款,2024-05-24,9842.82,2,19685.64,普通新品,0
P2024000637,美妆,美妆新品37 - 2024夏季款,2024-12-30,2229.21,391,871621.11,小黑盒新品,0
P2024000638,数码,美妆新品38 - 2024夏季款,2024-06-13,5830.8,378,2204042.4,普通新品,1
P2024000639,服饰,家居新品39 - 2024夏季款,2024-08-26,7809.59,147,1148009.73,小黑盒新品,1
P2024000640,食品,美妆新品40 - 2024夏季款,2024-01-05,5834.28,322,1878638.16,小黑盒新品,0
P2024000641,数码,家居新品41 - 2024夏季款,2024-10-10,1758.78,416,731652.48,普通新品,1
P2024000642,数码,家居新品42 - 2024夏季款,2024-09-16,5226.75,322,1683013.5,普通新品,1
P2024000643,数码,数码新品43 - 2024夏季款,2024-10-12,9745.21,364,3547256.44,小黑盒新品,0
P2024000644,数码,家居新品44 - 2024夏季款,2024-03-23,5196.94,469,2437364.86,小黑盒新品,0
P2024000645,美妆,服饰新品45 - 2024夏季款,2024-07-20,3961.46,121,479336.66,小黑盒新品,1
P2024000646,美妆,美妆新品46 - 2024夏季款,2024-09-28,9005.46,255,2296392.3,小黑盒新品,1
P2024000647,家居,数码新品47 - 2024夏季款,2024-02-18,3801.43,380,1444543.4,小黑盒新品,0
P2024000648,食品,家居新品48 - 2024夏季款,2024-02-07,2462.79,65,160081.35,小黑盒新品,1
P2024000649,数码,家居新品49 - 2024夏季款,2024-10-05,1248.64,275,343376.0,普通新品,1
P2024000650,服饰,食品新品50 - 2024夏季款,2024-05-07,5218.15,150,782722.5,普通新品,0
P2024000651,美妆,家居新品51 - 2024夏季款,2024-07-30,5639.53,323,1821568.19,小黑盒新品,0
P2024000652,美妆,数码新品52 - 2024夏季款,2024-02-17,8063.35,405,3265656.75,普通新品,1
P2024000653,食品,食品新品53 - 2024夏季款,2024-06-29,4389.13,101,443302.13,小黑盒新品,1
P2024000654,美妆,服饰新品54 - 2024夏季款,2024-11-11,7761.9,118,915904.2,小黑盒新品,0
P2024000655,服饰,美妆新品55 - 2024夏季款,2024-11-09,9739.87,172,1675257.64,普通新品,1
P2024000656,服饰,服饰新品56 - 2024夏季款,2024-06-28,3844.27,44,169147.88,小黑盒新品,0
P2024000657,服饰,家居新品57 - 2024夏季款,2024-02-06,1257.34,244,306790.96,普通新品,1
P2024000658,家居,数码新品58 - 2024夏季款,2024-08-01,4088.65,231,944478.15,普通新品,0
P2024000659,食品,家居新品59 - 2024夏季款,2024-04-01,1713.62,95,162793.9,小黑盒新品,1
P2024000660,食品,美妆新品60 - 2024夏季款,2024-02-16,6703.24,135,904937.4,小黑盒新品,0
P2024000661,数码,服饰新品61 - 2024夏季款,2024-01-08,4827.01,80,386160.8,普通新品,0
P2024000662,家居,数码新品62 - 2024夏季款,2024-07-28,5197.91,166,862853.06,小黑盒新品,0
P2024000663,家居,服饰新品63 - 2024夏季款,2024-07-12,3089.73,369,1140110.37,小黑盒新品,1
P2024000664,数码,家居新品64 - 2024夏季款,2024-10-20,6208.08,425,2638434.0,小黑盒新品,0
P2024000665,家居,数码新品65 - 2024夏季款,2024-07-18,3164.66,276,873446.16,小黑盒新品,1
P2024000666,家居,服饰新品66 - 2024夏季款,2024-10-10,5330.11,201,1071352.11,小黑盒新品,1
P2024000667,服饰,服饰新品67 - 2024夏季款,2024-03-30,5634.85,344,1938388.4,普通新品,1
P2024000668,家居,食品新品68 - 2024夏季款,2024-01-12,7972.44,179,1427066.76,小黑盒新品,0
P2024000669,食品,数码新品69 - 2024夏季款,2024-08-01,4199.36,79,331749.44,普通新品,0
P2024000670,服饰,服饰新品70 - 2024夏季款,2024-09-18,3866.94,350,1353429.0,小黑盒新品,0
P2024000671,美妆,食品新品71 - 2024夏季款,2024-03-06,862.13,478,412098.14,小黑盒新品,0
P2024000672,服饰,服饰新品72 - 2024夏季款,2024-08-08,985.65,451,444528.15,普通新品,0
P2024000673,服饰,家居新品73 - 2024夏季款,2024-01-29,6305.71,191,1204390.61,普通新品,1
P2024000674,美妆,数码新品74 - 2024夏季款,2024-01-11,4080.7,386,1575150.2,小黑盒新品,1
P2024000675,数码,数码新品75 - 2024夏季款,2024-08-08,5221.54,254,1326271.16,小黑盒新品,1
P2024000676,美妆,美妆新品76 - 2024夏季款,2024-12-12,5047.38,104,524927.52,小黑盒新品,1
P2024000677,食品,美妆新品77 - 2024夏季款,2024-04-11,7458.58,274,2043650.92,普通新品,0
P2024000678,美妆,数码新品78 - 2024夏季款,2024-12-26,5667.92,204,1156255.68,普通新品,1
P2024000679,服饰,家居新品79 - 2024夏季款,2024-11-10,5302.86,120,636343.2,普通新品,1
P2024000680,数码,家居新品80 - 2024夏季款,2024-02-24,7068.13,18,127226.34,小黑盒新品,1
P2024000681,数码,服饰新品81 - 2024夏季款,2024-08-18,4941.31,192,948731.52,普通新品,1
P2024000682,食品,美妆新品82 - 2024夏季款,2024-06-25,127.53,337,42977.61,普通新品,0
P2024000683,服饰,食品新品83 - 2024夏季款,2024-01-14,6225.98,215,1338585.7,小黑盒新品,0
P2024000684,数码,美妆新品84 - 2024夏季款,2024-05-30,4384.27,280,1227595.6,小黑盒新品,0
P2024000685,食品,食品新品85 - 2024夏季款,2024-11-09,5464.38,300,1639314.0,普通新品,0
P2024000686,家居,服饰新品86 - 2024夏季款,2024-05-10,3242.13,430,1394115.9,小黑盒新品,1
P2024000687,美妆,家居新品87 - 2024夏季款,2024-03-30,4333.91,429,1859247.39,普通新品,1
P2024000688,数码,食品新品88 - 2024夏季款,2024-05-19,9635.41,188,1811457.08,普通新品,1
P2024000689,美妆,数码新品89 - 2024夏季款,2024-10-28,8724.88,151,1317456.88,小黑盒新品,0
P2024000690,家居,数码新品90 - 2024夏季款,2024-02-01,900.54,239,215229.06,小黑盒新品,1
P2024000691,数码,美妆新品91 - 2024夏季款,2024-01-16,120.67,55,6636.85,普通新品,0
P2024000692,服饰,食品新品92 - 2024夏季款,2024-02-03,9950.44,89,885589.16,普通新品,1
P2024000693,美妆,食品新品93 - 2024夏季款,2024-11-23,1411.3,365,515124.5,普通新品,1
P2024000694,数码,服饰新品94 - 2024夏季款,2024-05-06,2159.58,262,565809.96,普通新品,1
P2024000695,家居,美妆新品95 - 2024夏季款,2024-08-01,169.68,65,11029.2,普通新品,1
P2024000696,食品,家居新品96 - 2024夏季款,2024-05-15,8669.62,417,3615231.54,小黑盒新品,1
P2024000697,家居,数码新品97 - 2024夏季款,2024-10-14,2304.27,41,94475.07,普通新品,0
P2024000698,美妆,家居新品98 - 2024夏季款,2024-05-11,6487.07,366,2374267.62,普通新品,0
P2024000699,美妆,美妆新品99 - 2024夏季款,2024-05-15,7099.94,445,3159473.3,普通新品,0
P2024000700,家居,食品新品0 - 2024夏季款,2024-12-20,3929.53,189,742681.17,小黑盒新品,1
P2024000701,食品,数码新品1 - 2024夏季款,2024-11-11,5645.25,287,1620186.75,普通新品,1
P2024000702,数码,美妆新品2 - 2024夏季款,2024-09-19,2720.38,287,780749.06,小黑盒新品,1
P2024000703,服饰,美妆新品3 - 2024夏季款,2024-06-29,5948.89,270,1606200.3,小黑盒新品,1
P2024000704,食品,服饰新品4 - 2024夏季款,2024-03-02,5976.78,215,1285007.7,普通新品,1
P2024000705,家居,数码新品5 - 2024夏季款,2024-09-07,5317.98,139,739199.22,普通新品,1
P2024000706,食品,美妆新品6 - 2024夏季款,2024-12-02,6249.17,410,2562159.7,普通新品,1
P2024000707,美妆,服饰新品7 - 2024夏季款,2024-07-13,7225.06,453,3272952.18,普通新品,0
P2024000708,数码,食品新品8 - 2024夏季款,2024-12-29,635.55,198,125838.9,普通新品,1
P2024000709,数码,数码新品9 - 2024夏季款,2024-01-01,3326.4,461,1533470.4,小黑盒新品,1
P2024000710,数码,食品新品10 - 2024夏季款,2024-01-14,1047.84,54,56583.36,小黑盒新品,1
P2024000711,美妆,家居新品11 - 2024夏季款,2024-03-21,9209.77,135,1243318.95,小黑盒新品,1
P2024000712,食品,数码新品12 - 2024夏季款,2024-09-20,243.91,318,77563.38,小黑盒新品,0
P2024000713,服饰,食品新品13 - 2024夏季款,2024-10-31,7464.62,81,604634.22,普通新品,0
P2024000714,数码,食品新品14 - 2024夏季款,2024-01-10,9707.51,72,698940.72,普通新品,0
P2024000715,美妆,食品新品15 - 2024夏季款,2024-12-27,8087.82,478,3865977.96,普通新品,1
P2024000716,美妆,数码新品16 - 2024夏季款,2024-12-07,3362.09,208,699314.72,普通新品,0
P2024000717,数码,食品新品17 - 2024夏季款,2024-04-03,1721.38,439,755685.82,小黑盒新品,0
P2024000718,数码,数码新品18 - 2024夏季款,2024-09-21,1670.67,52,86874.84,小黑盒新品,1
P2024000719,家居,食品新品19 - 2024夏季款,2024-08-14,4158.33,147,611274.51,小黑盒新品,0
P2024000720,食品,美妆新品20 - 2024夏季款,2024-08-23,9420.87,251,2364638.37,普通新品,1
P2024000721,食品,食品新品21 - 2024夏季款,2024-01-31,6687.83,138,922920.54,普通新品,1
P2024000722,美妆,服饰新品22 - 2024夏季款,2024-10-23,290.18,175,50781.5,普通新品,0
P2024000723,食品,家居新品23 - 2024夏季款,2024-01-29,4946.3,160,791408.0,普通新品,0
P2024000724,服饰,家居新品24 - 2024夏季款,2024-11-14,6878.67,448,3081644.16,小黑盒新品,1
P2024000725,食品,服饰新品25 - 2024夏季款,2024-02-19,6366.62,477,3036877.74,小黑盒新品,0
P2024000726,家居,家居新品26 - 2024夏季款,2024-08-26,9350.7,331,3095081.7,普通新品,0
P2024000727,食品,家居新品27 - 2024夏季款,2024-03-26,9164.1,302,2767558.2,普通新品,1
P2024000728,服饰,家居新品28 - 2024夏季款,2024-05-06,2682.47,276,740361.72,小黑盒新品,0
P2024000729,服饰,服饰新品29 - 2024夏季款,2024-07-28,8339.46,252,2101543.92,小黑盒新品,1
P2024000730,食品,家居新品30 - 2024夏季款,2024-02-10,3838.99,88,337831.12,小黑盒新品,0
P2024000731,服饰,美妆新品31 - 2024夏季款,2024-02-18,7321.88,307,2247817.16,普通新品,1
P2024000732,数码,美妆新品32 - 2024夏季款,2024-03-15,7260.72,449,3260063.28,小黑盒新品,0
P2024000733,食品,家居新品33 - 2024夏季款,2024-07-07,5040.35,403,2031261.05,小黑盒新品,0
P2024000734,数码,家居新品34 - 2024夏季款,2024-05-05,5802.82,183,1061916.06,普通新品,0
P2024000735,服饰,数码新品35 - 2024夏季款,2024-08-31,3751.3,382,1432996.6,普通新品,1
P2024000736,服饰,数码新品36 - 2024夏季款,2024-01-06,1052.57,295,310508.15,小黑盒新品,1
P2024000737,服饰,美妆新品37 - 2024夏季款,2024-10-22,8762.93,88,771137.84,小黑盒新品,1
P2024000738,美妆,美妆新品38 - 2024夏季款,2024-08-13,8402.25,266,2234998.5,普通新品,0
P2024000739,家居,家居新品39 - 2024夏季款,2024-03-31,3875.77,453,1755723.81,普通新品,1
P2024000740,服饰,服饰新品40 - 2024夏季款,2024-04-19,8500.17,494,4199083.98,普通新品,0
P2024000741,服饰,食品新品41 - 2024夏季款,2024-10-25,4459.46,233,1039054.18,小黑盒新品,0
P2024000742,服饰,食品新品42 - 2024夏季款,2024-10-24,1681.75,89,149675.75,小黑盒新品,1
P2024000743,家居,家居新品43 - 2024夏季款,2024-09-01,218.7,433,94697.1,小黑盒新品,0
P2024000744,食品,家居新品44 - 2024夏季款,2024-09-16,1021.75,299,305503.25,小黑盒新品,0
P2024000745,美妆,家居新品45 - 2024夏季款,2024-11-27,2420.63,179,433292.77,小黑盒新品,1
P2024000746,美妆,服饰新品46 - 2024夏季款,2024-03-08,4878.98,495,2415095.1,普通新品,0
P2024000747,美妆,家居新品47 - 2024夏季款,2024-06-10,3026.88,268,811203.84,小黑盒新品,1
P2024000748,美妆,食品新品48 - 2024夏季款,2024-07-08,3216.47,123,395625.81,小黑盒新品,0
P2024000749,食品,食品新品49 - 2024夏季款,2024-05-20,7233.14,325,2350770.5,普通新品,1
P2024000750,美妆,服饰新品50 - 2024夏季款,2024-12-22,9806.44,358,3510705.52,普通新品,1
P2024000751,服饰,美妆新品51 - 2024夏季款,2024-11-24,182.5,371,67707.5,小黑盒新品,1
P2024000752,服饰,服饰新品52 - 2024夏季款,2024-09-22,7772.12,105,816072.6,普通新品,0
P2024000753,家居,美妆新品53 - 2024夏季款,2024-07-02,2982.52,190,566678.8,小黑盒新品,1
P2024000754,家居,家居新品54 - 2024夏季款,2024-02-05,5056.79,4,20227.16,普通新品,1
P2024000755,服饰,家居新品55 - 2024夏季款,2024-09-03,9899.72,323,3197609.56,小黑盒新品,1
P2024000756,家居,家居新品56 - 2024夏季款,2024-11-26,6883.86,347,2388699.42,小黑盒新品,1
P2024000757,数码,服饰新品57 - 2024夏季款,2024-04-20,4380.79,331,1450041.49,普通新品,1
P2024000758,食品,食品新品58 - 2024夏季款,2024-08-11,3160.62,313,989274.06,小黑盒新品,0
P2024000759,家居,食品新品59 - 2024夏季款,2024-04-08,5482.28,267,1463768.76,小黑盒新品,0
P2024000760,家居,美妆新品60 - 2024夏季款,2024-09-09,7946.22,340,2701714.8,小黑盒新品,0
P2024000761,数码,家居新品61 - 2024夏季款,2024-08-05,1354.89,235,318399.15,普通新品,1
P2024000762,食品,服饰新品62 - 2024夏季款,2024-01-06,4886.53,111,542404.83,小黑盒新品,0
P2024000763,美妆,数码新品63 - 2024夏季款,2024-08-15,6208.08,183,1136078.64,小黑盒新品,0
P2024000764,美妆,食品新品64 - 2024夏季款,2024-02-26,3328.18,150,499227.0,小黑盒新品,0
P2024000765,食品,数码新品65 - 2024夏季款,2024-03-26,375.29,68,25519.72,小黑盒新品,0
P2024000766,服饰,家居新品66 - 2024夏季款,2024-03-11,8993.05,325,2922741.25,小黑盒新品,0
P2024000767,美妆,美妆新品67 - 2024夏季款,2024-06-09,3132.41,375,1174653.75,普通新品,1
P2024000768,食品,服饰新品68 - 2024夏季款,2024-06-28,1455.81,221,321734.01,普通新品,0
P2024000769,美妆,美妆新品69 - 2024夏季款,2024-12-26,5154.28,221,1139095.88,小黑盒新品,0
P2024000770,食品,食品新品70 - 2024夏季款,2024-09-10,158.34,469,74261.46,普通新品,1
P2024000771,食品,家居新品71 - 2024夏季款,2024-03-04,2517.07,259,651921.13,小黑盒新品,0
P2024000772,食品,数码新品72 - 2024夏季款,2024-08-09,3340.73,68,227169.64,普通新品,0
P2024000773,食品,数码新品73 - 2024夏季款,2024-07-29,9923.62,172,1706862.64,小黑盒新品,1
P2024000774,数码,数码新品74 - 2024夏季款,2024-08-05,3758.56,110,413441.6,小黑盒新品,0
P2024000775,家居,食品新品75 - 2024夏季款,2024-08-18,6926.3,292,2022479.6,普通新品,1
P2024000776,食品,食品新品76 - 2024夏季款,2024-02-19,1503.11,262,393814.82,普通新品,0
P2024000777,家居,食品新品77 - 2024夏季款,2024-04-09,7810.17,169,1319918.73,小黑盒新品,1
P2024000778,家居,数码新品78 - 2024夏季款,2024-11-03,2308.51,83,191606.33,小黑盒新品,0
P2024000779,服饰,家居新品79 - 2024夏季款,2024-10-10,6834.96,322,2200857.12,小黑盒新品,1
P2024000780,美妆,家居新品80 - 2024夏季款,2024-06-02,6623.11,43,284793.73,小黑盒新品,0
P2024000781,家居,服饰新品81 - 2024夏季款,2024-04-07,3708.06,453,1679751.18,普通新品,1
P2024000782,服饰,美妆新品82 - 2024夏季款,2024-07-11,6870.36,54,370999.44,小黑盒新品,1
P2024000783,家居,服饰新品83 - 2024夏季款,2024-09-21,9915.79,216,2141810.64,普通新品,0
P2024000784,服饰,食品新品84 - 2024夏季款,2024-04-15,5978.49,247,1476687.03,普通新品,1
P2024000785,服饰,美妆新品85 - 2024夏季款,2024-07-07,5268.54,342,1801840.68,普通新品,1
P2024000786,食品,数码新品86 - 2024夏季款,2024-11-09,1090.26,453,493887.78,普通新品,0
P2024000787,家居,家居新品87 - 2024夏季款,2024-07-25,9753.97,148,1443587.56,小黑盒新品,1
P2024000788,数码,数码新品88 - 2024夏季款,2024-12-30,1414.14,81,114545.34,普通新品,0
P2024000789,食品,数码新品89 - 2024夏季款,2024-10-18,3182.76,285,907086.6,小黑盒新品,1
P2024000790,数码,数码新品90 - 2024夏季款,2024-11-25,3879.67,234,907842.78,小黑盒新品,0
P2024000791,食品,美妆新品91 - 2024夏季款,2024-11-24,5352.13,22,117746.86,普通新品,1
P2024000792,美妆,家居新品92 - 2024夏季款,2024-11-08,7171.47,66,473317.02,普通新品,0
P2024000793,数码,家居新品93 - 2024夏季款,2024-05-23,8973.42,232,2081833.44,普通新品,1
P2024000794,食品,数码新品94 - 2024夏季款,2024-05-13,7203.75,195,1404731.25,小黑盒新品,1
P2024000795,家居,服饰新品95 - 2024夏季款,2024-09-09,4929.87,123,606374.01,普通新品,1
P2024000796,家居,服饰新品96 - 2024夏季款,2024-04-18,4868.4,144,701049.6,小黑盒新品,1
P2024000797,美妆,美妆新品97 - 2024夏季款,2024-02-13,781.15,419,327301.85,小黑盒新品,1
P2024000798,美妆,服饰新品98 - 2024夏季款,2024-08-09,3491.66,51,178074.66,普通新品,1
P2024000799,家居,数码新品99 - 2024夏季款,2024-07-05,8420.3,362,3048148.6,小黑盒新品,1
P2024000800,食品,服饰新品0 - 2024夏季款,2024-10-25,3643.49,282,1027464.18,普通新品,1
P2024000801,家居,美妆新品1 - 2024夏季款,2024-12-20,6785.58,230,1560683.4,小黑盒新品,1
P2024000802,食品,食品新品2 - 2024夏季款,2024-08-11,6786.78,157,1065524.46,小黑盒新品,0
P2024000803,数码,食品新品3 - 2024夏季款,2024-01-04,484.89,495,240020.55,小黑盒新品,1
P2024000804,服饰,服饰新品4 - 2024夏季款,2024-12-10,277.45,165,45779.25,普通新品,0
P2024000805,数码,美妆新品5 - 2024夏季款,2024-06-17,2438.78,310,756021.8,普通新品,1
P2024000806,美妆,数码新品6 - 2024夏季款,2024-12-28,2935.28,220,645761.6,普通新品,1
P2024000807,美妆,数码新品7 - 2024夏季款,2024-06-21,2980.54,314,935889.56,普通新品,1
P2024000808,家居,家居新品8 - 2024夏季款,2024-04-16,4656.09,171,796191.39,小黑盒新品,0
P2024000809,美妆,家居新品9 - 2024夏季款,2024-07-27,8355.37,166,1386991.42,小黑盒新品,0
P2024000810,服饰,家居新品10 - 2024夏季款,2024-07-31,3632.75,377,1369546.75,普通新品,0
P2024000811,美妆,食品新品11 - 2024夏季款,2024-12-22,6202.35,204,1265279.4,小黑盒新品,0
P2024000812,数码,美妆新品12 - 2024夏季款,2024-03-26,6819.68,399,2721052.32,小黑盒新品,1
P2024000813,食品,服饰新品13 - 2024夏季款,2024-03-24,7978.7,270,2154249.0,小黑盒新品,1
P2024000814,美妆,数码新品14 - 2024夏季款,2024-04-20,3294.3,250,823575.0,小黑盒新品,1
P2024000815,美妆,美妆新品15 - 2024夏季款,2024-11-15,6956.46,495,3443447.7,小黑盒新品,1
P2024000816,家居,数码新品16 - 2024夏季款,2024-04-08,9136.94,168,1535005.92,小黑盒新品,1
P2024000817,美妆,服饰新品17 - 2024夏季款,2024-07-19,182.13,108,19670.04,小黑盒新品,0
P2024000818,服饰,食品新品18 - 2024夏季款,2024-10-26,2771.86,494,1369298.84,小黑盒新品,0
P2024000819,食品,数码新品19 - 2024夏季款,2024-12-30,2809.94,481,1351581.14,普通新品,1
P2024000820,家居,美妆新品20 - 2024夏季款,2024-05-30,9843.67,384,3779969.28,普通新品,1
P2024000821,服饰,美妆新品21 - 2024夏季款,2024-05-27,1380.0,332,458160.0,小黑盒新品,1
P2024000822,数码,服饰新品22 - 2024夏季款,2024-06-16,9125.49,251,2290497.99,普通新品,1
P2024000823,美妆,服饰新品23 - 2024夏季款,2024-11-06,4043.1,53,214284.3,普通新品,1
P2024000824,数码,美妆新品24 - 2024夏季款,2024-07-01,2285.79,185,422871.15,小黑盒新品,1
P2024000825,服饰,美妆新品25 - 2024夏季款,2024-08-18,6152.26,311,1913352.86,小黑盒新品,0
P2024000826,食品,食品新品26 - 2024夏季款,2024-07-26,9276.56,352,3265349.12,小黑盒新品,1
P2024000827,数码,数码新品27 - 2024夏季款,2024-10-25,3110.01,491,1527014.91,普通新品,1
P2024000828,家居,家居新品28 - 2024夏季款,2024-12-21,290.06,326,94559.56,普通新品,0
P2024000829,服饰,美妆新品29 - 2024夏季款,2024-10-14,9146.42,118,1079277.56,普通新品,0
P2024000830,美妆,食品新品30 - 2024夏季款,2024-03-25,9096.55,209,1901178.95,普通新品,0
P2024000831,服饰,服饰新品31 - 2024夏季款,2024-06-04,4164.45,497,2069731.65,小黑盒新品,0
P2024000832,食品,美妆新品32 - 2024夏季款,2024-03-15,3741.48,499,1866998.52,小黑盒新品,1
P2024000833,数码,家居新品33 - 2024夏季款,2024-08-04,3377.58,199,672138.42,普通新品,1
P2024000834,美妆,家居新品34 - 2024夏季款,2024-08-23,3788.54,483,1829864.82,普通新品,0
P2024000835,美妆,美妆新品35 - 2024夏季款,2024-10-13,6526.97,10,65269.7,普通新品,1
P2024000836,家居,美妆新品36 - 2024夏季款,2024-06-22,438.17,390,170886.3,普通新品,0
P2024000837,美妆,家居新品37 - 2024夏季款,2024-08-01,6434.75,272,1750252.0,普通新品,0
P2024000838,食品,家居新品38 - 2024夏季款,2024-06-01,4907.42,66,323889.72,普通新品,0
P2024000839,数码,食品新品39 - 2024夏季款,2024-11-19,3453.02,17,58701.34,普通新品,0
P2024000840,服饰,数码新品40 - 2024夏季款,2024-05-15,2448.57,29,71008.53,小黑盒新品,0
P2024000841,美妆,服饰新品41 - 2024夏季款,2024-09-04,7399.42,294,2175429.48,小黑盒新品,0
P2024000842,食品,服饰新品42 - 2024夏季款,2024-11-02,4300.93,368,1582742.24,小黑盒新品,1
P2024000843,家居,食品新品43 - 2024夏季款,2024-06-16,6365.96,295,1877958.2,小黑盒新品,1
P2024000844,家居,家居新品44 - 2024夏季款,2024-03-19,6989.17,472,3298888.24,普通新品,1
P2024000845,食品,家居新品45 - 2024夏季款,2024-07-05,5483.18,112,614116.16,小黑盒新品,1
P2024000846,食品,食品新品46 - 2024夏季款,2024-05-09,8637.56,103,889668.68,小黑盒新品,1
P2024000847,食品,食品新品47 - 2024夏季款,2024-09-07,9165.67,312,2859689.04,小黑盒新品,1
P2024000848,服饰,食品新品48 - 2024夏季款,2024-09-26,2245.56,390,875768.4,小黑盒新品,1
P2024000849,食品,食品新品49 - 2024夏季款,2024-10-03,6765.31,272,1840164.32,小黑盒新品,0
P2024000850,食品,食品新品50 - 2024夏季款,2024-01-03,5353.28,195,1043889.6,普通新品,0
P2024000851,服饰,美妆新品51 - 2024夏季款,2024-07-22,3648.57,397,1448482.29,小黑盒新品,1
P2024000852,家居,食品新品52 - 2024夏季款,2024-09-25,5580.99,161,898539.39,小黑盒新品,1
P2024000853,数码,服饰新品53 - 2024夏季款,2024-12-09,7453.0,495,3689235.0,普通新品,1
P2024000854,美妆,美妆新品54 - 2024夏季款,2024-10-03,7891.92,452,3567147.84,普通新品,1
P2024000855,食品,美妆新品55 - 2024夏季款,2024-01-21,66.15,6,396.9,小黑盒新品,1
P2024000856,服饰,家居新品56 - 2024夏季款,2024-02-23,8294.25,464,3848532.0,小黑盒新品,0
P2024000857,食品,美妆新品57 - 2024夏季款,2024-10-09,7908.63,48,379614.24,普通新品,0
P2024000858,美妆,家居新品58 - 2024夏季款,2024-04-27,2649.3,362,959046.6,普通新品,0
P2024000859,服饰,服饰新品59 - 2024夏季款,2024-02-07,2078.39,241,500891.99,小黑盒新品,0
P2024000860,服饰,服饰新品60 - 2024夏季款,2024-10-06,730.15,212,154791.8,小黑盒新品,1
P2024000861,数码,家居新品61 - 2024夏季款,2024-07-06,623.7,163,101663.1,普通新品,0
P2024000862,数码,服饰新品62 - 2024夏季款,2024-04-09,6251.81,330,2063097.3,普通新品,0
P2024000863,家居,食品新品63 - 2024夏季款,2024-02-26,9458.87,325,3074132.75,普通新品,0
P2024000864,家居,服饰新品64 - 2024夏季款,2024-09-25,6971.66,460,3206963.6,普通新品,1
P2024000865,服饰,服饰新品65 - 2024夏季款,2024-02-06,5076.5,85,431502.5,小黑盒新品,1
P2024000866,食品,家居新品66 - 2024夏季款,2024-05-26,5493.05,112,615221.6,普通新品,1
P2024000867,数码,服饰新品67 - 2024夏季款,2024-06-24,3709.4,440,1632136.0,小黑盒新品,0
P2024000868,数码,食品新品68 - 2024夏季款,2024-08-28,951.89,320,304604.8,普通新品,1
P2024000869,美妆,家居新品69 - 2024夏季款,2024-04-01,5333.65,369,1968116.85,普通新品,1
P2024000870,服饰,家居新品70 - 2024夏季款,2024-11-17,1626.88,28,45552.64,小黑盒新品,0
P2024000871,服饰,美妆新品71 - 2024夏季款,2024-10-10,5781.38,30,173441.4,小黑盒新品,0
P2024000872,家居,食品新品72 - 2024夏季款,2024-09-23,5484.72,334,1831896.48,普通新品,1
P2024000873,美妆,服饰新品73 - 2024夏季款,2024-02-11,5858.73,374,2191165.02,普通新品,1
P2024000874,食品,服饰新品74 - 2024夏季款,2024-02-07,6612.52,304,2010206.08,小黑盒新品,0
P2024000875,食品,服饰新品75 - 2024夏季款,2024-12-21,5692.28,110,626150.8,普通新品,1
P2024000876,服饰,服饰新品76 - 2024夏季款,2024-05-31,4332.14,317,1373288.38,普通新品,0
P2024000877,服饰,美妆新品77 - 2024夏季款,2024-10-27,8404.82,121,1016983.22,普通新品,1
P2024000878,家居,食品新品78 - 2024夏季款,2024-01-07,224.32,52,11664.64,小黑盒新品,0
P2024000879,美妆,服饰新品79 - 2024夏季款,2024-02-25,6098.82,442,2695678.44,小黑盒新品,1
P2024000880,美妆,美妆新品80 - 2024夏季款,2024-06-17,1389.85,280,389158.0,小黑盒新品,0
P2024000881,食品,家居新品81 - 2024夏季款,2024-01-27,3834.44,429,1644974.76,小黑盒新品,1
P2024000882,数码,服饰新品82 - 2024夏季款,2024-01-07,666.8,274,182703.2,普通新品,1
P2024000883,美妆,家居新品83 - 2024夏季款,2024-10-30,9555.74,93,888683.82,普通新品,0
P2024000884,服饰,家居新品84 - 2024夏季款,2024-04-25,8290.94,190,1575278.6,小黑盒新品,1
P2024000885,食品,家居新品85 - 2024夏季款,2024-12-26,8577.98,361,3096650.78,小黑盒新品,1
P2024000886,食品,家居新品86 - 2024夏季款,2024-06-01,5476.82,419,2294787.58,小黑盒新品,1
P2024000887,家居,食品新品87 - 2024夏季款,2024-01-13,4720.62,336,1586128.32,小黑盒新品,1
P2024000888,数码,食品新品88 - 2024夏季款,2024-09-29,1835.85,22,40388.7,小黑盒新品,0
P2024000889,食品,家居新品89 - 2024夏季款,2024-03-14,4430.76,297,1315935.72,小黑盒新品,0
P2024000890,美妆,食品新品90 - 2024夏季款,2024-04-08,1437.05,90,129334.5,普通新品,1
P2024000891,服饰,家居新品91 - 2024夏季款,2024-10-15,7377.23,278,2050869.94,小黑盒新品,1
P2024000892,食品,美妆新品92 - 2024夏季款,2024-06-06,1815.9,480,871632.0,普通新品,0
P2024000893,食品,服饰新品93 - 2024夏季款,2024-12-17,4640.71,269,1248350.99,小黑盒新品,1
P2024000894,服饰,数码新品94 - 2024夏季款,2024-05-06,5103.93,225,1148384.25,小黑盒新品,0
P2024000895,数码,食品新品95 - 2024夏季款,2024-05-10,4326.56,10,43265.6,小黑盒新品,0
P2024000896,美妆,食品新品96 - 2024夏季款,2024-12-17,6814.95,352,2398862.4,小黑盒新品,1
P2024000897,美妆,食品新品97 - 2024夏季款,2024-06-01,5530.49,329,1819531.21,普通新品,1
P2024000898,家居,服饰新品98 - 2024夏季款,2024-12-04,8823.5,254,2241169.0,小黑盒新品,1
P2024000899,数码,家居新品99 - 2024夏季款,2024-05-11,4658.99,141,656917.59,普通新品,1
P2024000900,服饰,数码新品0 - 2024夏季款,2024-08-16,4939.46,207,1022468.22,小黑盒新品,1
P2024000901,数码,美妆新品1 - 2024夏季款,2024-08-26,2671.26,223,595690.98,普通新品,1
P2024000902,食品,数码新品2 - 2024夏季款,2024-06-16,8679.0,82,711678.0,普通新品,0
P2024000903,美妆,数码新品3 - 2024夏季款,2024-05-08,8834.95,206,1819999.7,普通新品,1
P2024000904,家居,家居新品4 - 2024夏季款,2024-09-08,4134.05,82,338992.1,普通新品,1
P2024000905,美妆,美妆新品5 - 2024夏季款,2024-01-29,2177.12,173,376641.76,小黑盒新品,1
P2024000906,数码,服饰新品6 - 2024夏季款,2024-05-09,9727.33,20,194546.6,普通新品,0
P2024000907,数码,美妆新品7 - 2024夏季款,2024-04-14,9937.06,353,3507782.18,普通新品,1
P2024000908,家居,食品新品8 - 2024夏季款,2024-07-01,5273.47,350,1845714.5,普通新品,1
P2024000909,家居,家居新品9 - 2024夏季款,2024-07-05,5145.44,152,782106.88,普通新品,0
P2024000910,服饰,美妆新品10 - 2024夏季款,2024-02-28,2101.66,230,483381.8,普通新品,0
P2024000911,服饰,数码新品11 - 2024夏季款,2024-01-16,9781.56,340,3325730.4,普通新品,1
P2024000912,美妆,食品新品12 - 2024夏季款,2024-01-14,1810.26,223,403687.98,普通新品,1
P2024000913,家居,数码新品13 - 2024夏季款,2024-06-24,3749.97,296,1109991.12,普通新品,1
P2024000914,服饰,服饰新品14 - 2024夏季款,2024-04-22,3017.83,386,1164882.38,小黑盒新品,0
P2024000915,食品,服饰新品15 - 2024夏季款,2024-10-13,8380.48,133,1114603.84,普通新品,0
P2024000916,服饰,数码新品16 - 2024夏季款,2024-09-16,746.77,324,241953.48,小黑盒新品,1
P2024000917,家居,数码新品17 - 2024夏季款,2024-09-16,2472.07,90,222486.3,小黑盒新品,0
P2024000918,服饰,服饰新品18 - 2024夏季款,2024-12-17,23.03,66,1519.98,小黑盒新品,0
P2024000919,美妆,美妆新品19 - 2024夏季款,2024-01-04,8912.45,388,3458030.6,普通新品,0
P2024000920,数码,家居新品20 - 2024夏季款,2024-05-02,8780.6,150,1317090.0,普通新品,1
P2024000921,美妆,家居新品21 - 2024夏季款,2024-06-11,4520.7,336,1518955.2,小黑盒新品,0
P2024000922,家居,服饰新品22 - 2024夏季款,2024-11-07,3802.53,10,38025.3,普通新品,0
P2024000923,美妆,服饰新品23 - 2024夏季款,2024-08-08,5733.23,192,1100780.16,普通新品,1
P2024000924,美妆,食品新品24 - 2024夏季款,2024-11-28,3551.75,134,475934.5,普通新品,0
P2024000925,美妆,数码新品25 - 2024夏季款,2024-03-09,7965.05,248,1975332.4,普通新品,1
P2024000926,服饰,家居新品26 - 2024夏季款,2024-05-19,5241.48,78,408835.44,普通新品,1
P2024000927,家居,食品新品27 - 2024夏季款,2024-04-01,4045.2,329,1330870.8,小黑盒新品,0
P2024000928,美妆,家居新品28 - 2024夏季款,2024-01-13,4447.97,413,1837011.61,普通新品,0
P2024000929,食品,数码新品29 - 2024夏季款,2024-07-04,8346.78,197,1644315.66,普通新品,0
P2024000930,服饰,数码新品30 - 2024夏季款,2024-11-17,1014.3,41,41586.3,小黑盒新品,0
P2024000931,美妆,数码新品31 - 2024夏季款,2024-07-09,4904.51,353,1731292.03,普通新品,0
P2024000932,食品,数码新品32 - 2024夏季款,2024-09-10,8879.49,6,53276.94,普通新品,0
P2024000933,数码,食品新品33 - 2024夏季款,2024-08-30,9362.8,387,3623403.6,小黑盒新品,1
P2024000934,数码,家居新品34 - 2024夏季款,2024-04-25,4331.38,337,1459675.06,小黑盒新品,1
P2024000935,服饰,数码新品35 - 2024夏季款,2024-04-06,3419.4,180,615492.0,小黑盒新品,1
P2024000936,服饰,食品新品36 - 2024夏季款,2024-11-06,3276.11,365,1195780.15,普通新品,0
P2024000937,数码,服饰新品37 - 2024夏季款,2024-12-05,9200.13,477,4388462.01,普通新品,0
P2024000938,食品,美妆新品38 - 2024夏季款,2024-06-10,253.24,78,19752.72,小黑盒新品,0
P2024000939,数码,家居新品39 - 2024夏季款,2024-01-09,3172.78,322,1021635.16,小黑盒新品,1
P2024000940,服饰,服饰新品40 - 2024夏季款,2024-01-01,8303.92,467,3877930.64,小黑盒新品,0
P2024000941,数码,美妆新品41 - 2024夏季款,2024-10-29,8860.29,197,1745477.13,小黑盒新品,0
P2024000942,食品,服饰新品42 - 2024夏季款,2024-01-12,642.84,61,39213.24,普通新品,1
P2024000943,数码,家居新品43 - 2024夏季款,2024-09-28,2601.1,421,1095063.1,普通新品,1
P2024000944,食品,家居新品44 - 2024夏季款,2024-09-05,4739.38,192,909960.96,小黑盒新品,1
P2024000945,服饰,服饰新品45 - 2024夏季款,2024-02-21,9093.22,304,2764338.88,小黑盒新品,0
P2024000946,家居,美妆新品46 - 2024夏季款,2024-10-27,7323.55,203,1486680.65,小黑盒新品,1
P2024000947,数码,家居新品47 - 2024夏季款,2024-11-26,2889.84,141,407467.44,小黑盒新品,1
P2024000948,美妆,食品新品48 - 2024夏季款,2024-06-19,7365.61,73,537689.53,普通新品,1
P2024000949,服饰,服饰新品49 - 2024夏季款,2024-08-05,9050.49,157,1420926.93,普通新品,0
P2024000950,家居,数码新品50 - 2024夏季款,2024-04-24,6836.2,286,1955153.2,小黑盒新品,0
P2024000951,食品,美妆新品51 - 2024夏季款,2024-10-24,5689.14,182,1035423.48,普通新品,0
P2024000952,服饰,数码新品52 - 2024夏季款,2024-10-01,8791.28,300,2637384.0,小黑盒新品,0
P2024000953,家居,家居新品53 - 2024夏季款,2024-04-11,7388.82,496,3664854.72,小黑盒新品,0
P2024000954,美妆,家居新品54 - 2024夏季款,2024-07-08,8853.08,412,3647468.96,小黑盒新品,1
P2024000955,家居,食品新品55 - 2024夏季款,2024-05-19,2229.01,198,441343.98,普通新品,1
P2024000956,服饰,家居新品56 - 2024夏季款,2024-09-12,7149.08,328,2344898.24,普通新品,1
P2024000957,食品,家居新品57 - 2024夏季款,2024-08-29,3712.37,368,1366152.16,普通新品,1
P2024000958,美妆,家居新品58 - 2024夏季款,2024-12-13,1828.23,312,570407.76,普通新品,0
P2024000959,食品,服饰新品59 - 2024夏季款,2024-06-06,3478.22,17,59129.74,普通新品,0
P2024000960,数码,食品新品60 - 2024夏季款,2024-08-16,1773.44,17,30148.48,普通新品,1
P2024000961,食品,家居新品61 - 2024夏季款,2024-01-25,1596.2,71,113330.2,普通新品,1
P2024000962,家居,数码新品62 - 2024夏季款,2024-03-04,5001.69,35,175059.15,小黑盒新品,1
P2024000963,食品,数码新品63 - 2024夏季款,2024-06-13,1747.19,353,616758.07,普通新品,0
P2024000964,美妆,服饰新品64 - 2024夏季款,2024-03-20,1259.36,140,176310.4,小黑盒新品,0
P2024000965,数码,数码新品65 - 2024夏季款,2024-09-06,7248.77,170,1232290.9,小黑盒新品,0
P2024000966,数码,数码新品66 - 2024夏季款,2024-07-29,9222.82,38,350467.16,小黑盒新品,1
P2024000967,家居,数码新品67 - 2024夏季款,2024-09-11,5318.74,34,180837.16,小黑盒新品,1
P2024000968,数码,服饰新品68 - 2024夏季款,2024-10-03,1132.19,380,430232.2,小黑盒新品,1
P2024000969,家居,数码新品69 - 2024夏季款,2024-11-03,8058.55,410,3304005.5,普通新品,0
P2024000970,服饰,数码新品70 - 2024夏季款,2024-04-01,3181.43,331,1053053.33,小黑盒新品,0
P2024000971,家居,美妆新品71 - 2024夏季款,2024-02-12,4041.31,456,1842837.36,小黑盒新品,0
P2024000972,服饰,食品新品72 - 2024夏季款,2024-05-04,3452.01,486,1677676.86,小黑盒新品,0
P2024000973,服饰,美妆新品73 - 2024夏季款,2024-03-20,3607.74,436,1572974.64,小黑盒新品,0
P2024000974,数码,家居新品74 - 2024夏季款,2024-02-29,4926.78,247,1216914.66,小黑盒新品,1
P2024000975,服饰,家居新品75 - 2024夏季款,2024-06-02,5331.83,303,1615544.49,小黑盒新品,0
P2024000976,服饰,家居新品76 - 2024夏季款,2024-04-12,7280.85,451,3283663.35,普通新品,1
P2024000977,食品,食品新品77 - 2024夏季款,2024-03-27,9462.68,90,851641.2,普通新品,1
P2024000978,数码,数码新品78 - 2024夏季款,2024-12-14,5853.44,357,2089678.08,小黑盒新品,1
P2024000979,美妆,食品新品79 - 2024夏季款,2024-10-29,8454.07,149,1259656.43,普通新品,1
P2024000980,服饰,美妆新品80 - 2024夏季款,2024-09-24,570.61,149,85020.89,普通新品,0
P2024000981,食品,家居新品81 - 2024夏季款,2024-02-19,8267.03,375,3100136.25,普通新品,0
P2024000982,食品,家居新品82 - 2024夏季款,2024-11-11,3991.85,362,1445049.7,小黑盒新品,0
P2024000983,服饰,食品新品83 - 2024夏季款,2024-02-19,7013.68,217,1521968.56,小黑盒新品,1
P2024000984,服饰,服饰新品84 - 2024夏季款,2024-12-14,8172.43,497,4061697.71,小黑盒新品,1
P2024000985,数码,数码新品85 - 2024夏季款,2024-10-01,2865.74,166,475712.84,小黑盒新品,1
P2024000986,数码,服饰新品86 - 2024夏季款,2024-08-01,4397.52,470,2066834.4,普通新品,1
P2024000987,美妆,美妆新品87 - 2024夏季款,2024-02-01,5825.6,261,1520481.6,普通新品,0
P2024000988,美妆,数码新品88 - 2024夏季款,2024-11-22,395.62,477,188710.74,普通新品,1
P2024000989,美妆,美妆新品89 - 2024夏季款,2024-12-23,4139.19,424,1755016.56,小黑盒新品,0
P2024000990,家居,美妆新品90 - 2024夏季款,2024-06-26,3625.34,226,819326.84,普通新品,0
P2024000991,数码,家居新品91 - 2024夏季款,2024-01-11,1109.93,175,194237.75,普通新品,1
P2024000992,数码,数码新品92 - 2024夏季款,2024-03-16,4467.8,147,656766.6,普通新品,1
P2024000993,家居,服饰新品93 - 2024夏季款,2024-12-18,9291.4,4,37165.6,普通新品,0
P2024000994,家居,美妆新品94 - 2024夏季款,2024-07-08,2940.79,486,1429223.94,小黑盒新品,1
P2024000995,服饰,服饰新品95 - 2024夏季款,2024-12-03,8394.04,459,3852864.36,普通新品,1
P2024000996,数码,美妆新品96 - 2024夏季款,2024-09-20,89.54,204,18266.16,普通新品,1
P2024000997,食品,数码新品97 - 2024夏季款,2024-12-04,1517.3,188,285252.4,小黑盒新品,0
P2024000998,服饰,美妆新品98 - 2024夏季款,2024-03-12,5205.5,206,1072333.0,普通新品,0
P2024000999,服饰,服饰新品99 - 2024夏季款,2024-12-07,5550.85,234,1298898.9,普通新品,0
