52fe36a5-909e-48fc-af9a-44dc5157a571,查看商品,5.0,5.0,304075.24,2025-07-25
9611ab9f-4f08-43c2-992f-414a6e0db3b0,应该商品,5.0,5.0,3210546.01,2025-07-10
dec4a2e7-20cd-46e3-b1a1-3f7aaafa3520,关于商品,5.0,5.0,3727.44,2025-07-25
7c38a02f-b977-485b-8622-23ea83f48ec0,程序商品,5.0,5.0,3365451.84,2025-07-24
dc67cb7b-e2f8-4cb5-96d5-526fbba192e4,文章商品,5.0,5.0,263891.6,2025-07-31
90c4d35e-b766-4d18-b954-8401eb41c5c1,一些商品,5.0,5.0,111175.56,2025-07-31
fc8509aa-b1d3-4577-96a4-32ef7ec015ae,时候商品,5.0,5.0,52805.0,2025-07-10
c121e7e2-46c1-4023-a62a-1ac844af5fe5,当然商品,5.0,5.0,1.272558186E7,2025-07-28
6b23cac0-fc19-4b0e-8abc-4f375805d624,解决商品,5.0,5.0,247611.7,2025-08-04
4a27995f-ebfb-47c3-9278-4d8839fef6ca,在线商品,5.0,5.0,1956313.28,2025-07-16
c277188a-e847-48a5-b813-9006fbaf4b16,为什商品,5.0,5.0,39834.2,2025-08-05
17b1ad49-da8b-4538-9274-70893391b418,你们商品,5.0,5.0,294846.64,2025-07-21
d1540732-cca0-42c5-b659-e38a34f1ff54,方式商品,5.0,5.0,4780516.48,2025-08-06
3124d55d-57fc-4b89-bd43-c23b5651fa36,不要商品,5.0,5.0,516291.68,2025-08-06
4f9d94e0-e859-491c-bcf2-f75edc1e23ab,那些商品,5.0,5.0,1119959.66,2025-08-03
eeb7ee6b-8b3a-4add-8ab0-519e969580af,注意商品,5.0,5.0,548237.08,2025-07-26
2fad8a1d-04d2-498d-bd6e-87c4aed5cffd,行业商品,5.0,5.0,1046461.52,2025-07-15
080b9e50-ae8b-4e3e-b3a0-fd69187aaa8b,品牌商品,5.0,5.0,2950628.64,2025-07-27
135a9782-a942-435d-af18-4f93ba5ebf10,法律商品,5.0,5.0,141144.52,2025-07-15
67063d71-b5a6-4161-a16a-1bce3cc7f8a8,为什商品,5.0,5.0,1050574.62,2025-07-27
9c1cc7c3-4411-4f77-be57-ea5ebac6f24c,因为商品,5.0,5.0,1359015.76,2025-07-31
8f5ee4c9-b4d1-4bb2-9e47-6dc740ea89ab,电子商品,5.0,5.0,4956061.6,2025-07-24
99ffa26c-58d5-4222-a92d-a6eb39d04610,注意商品,5.0,5.0,4.1993562E7,2025-07-18
946d1908-0859-42c8-81dd-cbac92ec1bce,为什商品,5.0,5.0,3909203.52,2025-07-27
20fb8ce5-4c32-45e6-861d-e331d31e30ed,喜欢商品,5.0,5.0,3377628.8,2025-07-18
9470ac32-2911-446e-933e-915a2c24d90f,个人商品,5.0,5.0,1298550.6,2025-07-21
126ef661-4632-4c42-8961-b797f87e2afc,如果商品,5.0,5.0,1.783318884E7,2025-07-25
4eb6f79d-ea65-467b-8fcf-c9d60ac3a42c,部分商品,5.0,5.0,4886973.0,2025-07-18
931330c3-b6a9-41c6-9628-6e8dfc6afbfd,朋友商品,5.0,5.0,1871413.32,2025-07-28
1b9f6aae-8617-45df-bd2a-fd22bbfbc380,那个商品,5.0,5.0,1839217.44,2025-07-18
8298fc58-74de-44d0-a226-09183aa1ebbd,帖子商品,5.0,5.0,745713.0,2025-07-20
938d5d4e-015a-42f4-8f48-fbdc501bf9dc,浏览商品,5.0,5.0,1238247.15,2025-07-13
a0310ac1-0c5c-4ff4-b3bb-1a9fbbfeaa6b,内容商品,5.0,5.0,10802.88,2025-07-20
28c6fe22-3b79-44d4-84d3-688924eed77f,威望商品,5.0,5.0,2813924.3,2025-07-17
1f2163a7-2fb5-4e6f-88b0-a2109539a6ed,语言商品,5.0,5.0,1667428.65,2025-07-19
fc5e9820-9ba6-44d1-b540-860a00bb879f,大家商品,5.0,5.0,5718271.04,2025-07-19
203a265d-3a5a-4c78-8c0e-fe251629039c,大小商品,5.0,5.0,257246.55,2025-07-29
2bc7c70f-0190-4f6d-8df0-f209e34421bd,推荐商品,5.0,5.0,75656.88,2025-07-19
0e299fc9-6ccf-42ac-b611-bbeba5b5437d,操作商品,5.0,5.0,353754.3,2025-07-29
7a48c355-4acf-4169-9d9a-c3b347d6f52f,同时商品,5.0,5.0,2090309.76,2025-07-26
1f3101bd-676e-48ce-a2e3-022fba42d66b,上海商品,5.0,5.0,3556369.4,2025-07-15
5d464b1f-e8f8-47aa-aa49-97f95949feed,应用商品,5.0,5.0,803563.68,2025-08-07
b8e35da9-953c-4089-bd21-fbb48486697a,首页商品,5.0,5.0,770177.28,2025-07-15
98f9ad9d-bbe5-4b09-be89-c8d7948777fa,查看商品,5.0,5.0,766004.91,2025-07-23
85111777-7777-4c50-ad38-733893e57c9f,在线商品,5.0,5.0,19200.44,2025-07-23
97b36fe5-2c49-4378-9235-10c508e4e77e,以后商品,5.0,5.0,2.076655763E7,2025-07-29
baec4ba0-4663-48fb-b388-d79fffbdba89,我们商品,5.0,5.0,1664535.84,2025-07-12
798fdd86-d1a8-4cca-b2f3-17eb97c0162a,决定商品,5.0,5.0,1.525051712E7,2025-08-07
6a61acea-fd6c-4e27-9771-19e81d96e181,分析商品,5.0,5.0,941254.65,2025-07-30
9e388c81-13a8-4f86-8bd6-f498ad8bdc38,搜索商品,5.0,5.0,3849947.2,2025-07-16
b0226c00-a83b-4948-9f25-c372900bd6dd,根据商品,5.0,5.0,2785060.3,2025-07-30
65ad0b4b-ea89-4d3e-bdec-5c0dd17677d9,应用商品,5.0,5.0,279629.02,2025-07-27
22806826-522e-4ffa-b57b-7abd019c8c93,来自商品,5.0,5.0,9162194.68,2025-07-30
db98402d-a239-4ae5-b9ac-a299d33ad1c8,论坛商品,5.0,5.0,5536576.44,2025-07-21
692a8834-ab12-4abe-ba3c-f652dcbde06d,工具商品,5.0,5.0,211277.4,2025-08-03
c4e9c9a7-9a7b-4909-98b8-488cdd845aed,得到商品,5.0,5.0,2.366457621E7,2025-07-18
b7430d2d-3202-4185-aa0c-35a1241ceee2,比较商品,5.0,5.0,2980999.56,2025-07-27
0d1a8f0c-331d-4a54-9f62-c554de56a5ea,研究商品,5.0,5.0,502646.4,2025-07-18
bfc084c3-bc59-4d14-ac47-839f2472dbf3,经验商品,5.0,5.0,9482043.48,2025-07-27
1785b24f-527d-4aa6-8e1e-396280702d75,更新商品,5.0,5.0,2419985.4,2025-07-14
a9d6d93e-9f90-42bd-ae33-4fa4b49d4e64,那些商品,5.0,5.0,7549939.5,2025-07-16
d5e7d4f4-9dab-48af-a308-c283373fa893,空间商品,5.0,5.0,5139786.24,2025-08-05
524f6b78-334b-4d25-aae1-c7b36b5e60f6,之后商品,5.0,5.0,47545.15,2025-07-16
fbe5f150-164a-4fbc-9cda-141b8be90ecc,法律商品,5.0,5.0,17644.68,2025-07-13
bf21b7b3-6b5c-4b0c-9d7c-6fef48111585,如此商品,5.0,5.0,1347305.94,2025-08-07
f336f689-beaa-4daf-af00-a05b25a98f33,精华商品,5.0,5.0,1276592.52,2025-07-21
fd8b7825-0821-4422-98b9-31ef45f6607f,报告商品,5.0,5.0,1400682.68,2025-07-31
d4b46bfe-94b3-4463-b983-754923ec9256,以及商品,5.0,5.0,3045621.6,2025-07-20
86bc68c1-ddf7-4f41-91eb-be3efb66c9b5,直接商品,5.0,5.0,431210.25,2025-07-31
39a8a415-3dbf-4b22-9ca1-2a15de7c3ded,继续商品,5.0,5.0,1134245.84,2025-07-09
d76dc9a5-3093-4e12-a96c-71a05b41a604,上海商品,5.0,5.0,201821.19,2025-07-31
03e5de9f-5320-4137-9da4-46d9442db0ef,事情商品,5.0,5.0,132993.84,2025-07-09
96bcef35-b03c-47a6-84c6-eac29efc5435,名称商品,5.0,5.0,21682.64,2025-07-31
8c1cd806-4bc4-4baa-aeb7-e35545458504,两个商品,5.0,5.0,758738.2,2025-07-09
fc8a279b-b7e0-42da-9288-1c0d1638f40c,网站商品,5.0,5.0,4881172.68,2025-07-31
0cb706a9-edc5-4db6-af8b-7cb3a3c55de6,注意商品,5.0,5.0,1916568.0,2025-08-04
9e12cc7e-88f1-48e8-a376-102f985b666a,简介商品,5.0,5.0,1967640.02,2025-07-25
addbc3dd-5e41-4804-a62d-8aa6db68d446,具有商品,5.0,5.0,1.225307083E7,2025-07-09
70bb3854-9d26-4d8f-be0e-52e0fa9ce9cc,浏览商品,5.0,5.0,1978612.92,2025-07-19
b2de95c7-1cbf-4385-9746-93fc8c0edab9,开发商品,5.0,5.0,68596.02,2025-07-30
8405c8fc-9f9c-4b1f-a3ab-1f4b050bd321,生活商品,5.0,5.0,6898389.75,2025-07-19
521c139c-0d31-4052-ba89-0160547a7e6a,只是商品,5.0,5.0,1801039.68,2025-07-31
76ab08aa-e79f-4536-b01a-78e2abcc79ce,什么商品,5.0,5.0,22202.7,2025-07-19
85bfcc69-8bd8-4c65-8777-ad7717eeafe8,分析商品,5.0,5.0,1364292.6,2025-08-02
5dae2aad-fbd0-48a5-9b98-79b6a3ce7756,地址商品,5.0,5.0,2911252.76,2025-07-24
a6277e40-ff31-41a9-8d48-09d4f8e4a3ee,人民商品,5.0,5.0,119814.38,2025-08-02
e675ef7b-9cb8-4000-8457-e7968e0aa1dd,感觉商品,5.0,5.0,5099.16,2025-07-26
3af048ca-7ce7-45b2-9b99-e8788132d194,最后商品,5.0,5.0,2953.4,2025-08-03
fe996adc-16d5-4ce1-b150-74b83504e31a,新闻商品,5.0,5.0,3356062.49,2025-07-27
1acb6a46-7023-482f-b502-6d0b914a3a0b,具有商品,5.0,5.0,1089564.51,2025-07-23
fbfeef2f-bb79-4ea9-8ce5-263c1da78287,虽然商品,5.0,5.0,640389.12,2025-07-11
c9d03dbd-f53f-4a81-b536-f40a6a1f86f4,所有商品,5.0,5.0,4157640.0,2025-07-23
60e4298d-05ad-40ea-93d7-9dad59d0b553,全部商品,5.0,5.0,6123115.88,2025-07-11
67627f17-6c29-4fa8-b6dd-9b9015a77285,世界商品,5.0,5.0,5133744.32,2025-08-05
ba4fb625-9c70-4388-b963-f95db2fffdd6,信息商品,5.0,5.0,1014294.02,2025-07-24
55b505c0-96e6-4a06-bfd0-4f921459e5c4,查看商品,5.0,5.0,551294.64,2025-08-04
76448ccf-c050-47be-bb1b-3cc0b9d2fc27,各种商品,5.0,5.0,1458635.9,2025-08-03
4b0077f3-4ed2-44bd-aede-1c1516aa2650,文件商品,5.0,5.0,439170.25,2025-07-26
80ceec26-2791-4187-9950-a456b62a1b59,一起商品,5.0,5.0,1.105921247E7,2025-07-21
620c9279-ae9f-4fce-8d99-1a67d1c3ccd1,全国商品,5.0,5.0,8592761.6,2025-08-02
8b224ae7-f2ca-4dde-b045-af2fe9c39248,地址商品,5.0,5.0,5605029.21,2025-08-05
94265c0b-6e43-4426-9a22-402a9236b028,日本商品,5.0,5.0,579107.28,2025-07-19
d2c1741c-bee4-4771-81c2-6ed80889fe6a,两个商品,5.0,5.0,110271.0,2025-07-11
1a5c389f-4039-4380-8bde-1b4e39acfa83,问题商品,5.0,5.0,1346697.52,2025-07-10
86757c59-619d-4e5c-a3eb-33523375e57b,关系商品,5.0,5.0,141633.36,2025-08-04
cf5ef070-91f9-4c33-a4bd-695ec8437141,那个商品,5.0,5.0,907000.4,2025-07-18
9a9f098e-ea1d-443e-ac5f-3b7fd5d8b2e8,这些商品,5.0,5.0,119944.0,2025-07-31
a848d8d6-f305-40a7-964b-37182e54318d,记者商品,5.0,5.0,561119.48,2025-07-18
0b599b00-4286-449b-a98e-baa2b0f1ee50,支持商品,5.0,5.0,911062.2,2025-08-03
2bc4922f-0c5f-43f9-9832-f879bb720529,如此商品,5.0,5.0,2130820.34,2025-07-13
443f52e4-e6a5-48b1-961a-f302fda2f4ac,直接商品,5.0,5.0,4762551.42,2025-07-25
c7b6f28b-223d-48f7-adf5-7c065bef1093,男人商品,5.0,5.0,287279.85,2025-07-23
b3209f55-4593-440b-8e77-b78e12972b32,游戏商品,5.0,5.0,109284.0,2025-08-02
181be3cd-344d-426c-a102-b4172357debf,要求商品,5.0,5.0,956370.74,2025-07-26
c5340922-d22d-4cda-a9cb-7576f4d0243c,类型商品,5.0,5.0,2911004.25,2025-07-11
4c764324-5da0-4e31-abab-9f7319f0e4fd,所以商品,5.0,5.0,2033.4,2025-07-21
ecf19db0-d202-4f5b-b9fd-c8613b133516,都是商品,5.0,5.0,144877.04,2025-07-11
d6e4f61d-a8f3-41f7-8850-e3afe3666699,不断商品,5.0,5.0,280577.28,2025-07-21
6d23c35d-5437-4d68-88fe-4ee755d344c8,回复商品,5.0,5.0,959142.68,2025-07-11
174c7f00-ee8c-446b-8a3f-4240877593f2,有限商品,5.0,5.0,1143297.45,2025-07-10
a1323a4b-4ace-4f91-88ec-9f85a025f3a4,东西商品,5.0,5.0,909800.64,2025-07-09
ab5940e2-f8dd-4e85-b9a3-7bd36d020301,然后商品,5.0,5.0,706506.22,2025-07-27
412d4a78-a5a1-4f81-9c70-ab7290c682ea,开始商品,5.0,5.0,593895.9,2025-08-04
5ddf2d8e-d25a-46f1-bce7-b963f7affc98,成为商品,5.0,5.0,1985105.15,2025-07-31
df219d76-b104-4256-9868-3c37b9751140,能力商品,5.0,5.0,1309275.0,2025-08-06
3bce44f5-183e-45a5-9ed8-182bdbac9832,产品商品,5.0,5.0,1097024.1,2025-07-13
8ff6c18f-b0a1-4f82-b76b-d419c44d4bf8,一个商品,5.0,5.0,4490871.0,2025-08-04
d04400db-7381-4fec-b15d-15249ab47ed0,行业商品,5.0,5.0,2519278.65,2025-07-15
cf9ee06c-5779-439a-8e15-c77f94c2f1fb,项目商品,5.0,5.0,609916.84,2025-07-30
47e34e04-fe6a-497a-9378-5f0ed8235c1c,作品商品,5.0,5.0,2238110.1,2025-07-15
4ca2b178-be2b-4fa5-b61b-3af8fa470cb1,发现商品,5.0,5.0,7181255.79,2025-07-30
fa6d0743-a4ba-481a-8f1d-b025a058e9b8,女人商品,5.0,5.0,5055642.93,2025-07-21
81cae1fb-6147-46b9-bdfd-c13cbf2c09b2,不同商品,5.0,5.0,3290587.3,2025-07-22
acce8f5c-1465-4dd0-a9f3-5bc720639604,汽车商品,5.0,5.0,471646.72,2025-07-09
ce91c7c6-9133-4416-b5f3-3bbbcd9541cc,城市商品,5.0,5.0,389966.85,2025-07-22
178d5736-6685-4bd0-b8b6-9c243ed271ac,具有商品,5.0,5.0,6234838.75,2025-07-14
f213aa62-6510-4ca2-8174-97457374c3fa,部分商品,5.0,5.0,3239435.76,2025-08-03
d4653f04-876c-4770-8338-20934cf42b08,不能商品,5.0,5.0,2411402.48,2025-07-20
95a86862-11ca-4b1f-8594-add1a13b978f,注意商品,5.0,5.0,458482.85,2025-07-21
d4d633a2-b5ed-4da5-a366-6d0143e49922,大家商品,5.0,5.0,689001.45,2025-07-20
3f5e3505-bfd3-43ef-af8c-4adf823924f0,销售商品,5.0,5.0,14366.52,2025-07-21
f33373da-b3db-46fc-8e7e-0d267ec45563,喜欢商品,5.0,5.0,1430935.7,2025-07-09
b08f8245-9ee3-4a8b-9de9-6532683b8e0c,主要商品,5.0,5.0,132009.28,2025-07-27
48a925f1-0a02-4553-b7ed-cb3cf1f20b97,功能商品,5.0,5.0,3080025.18,2025-07-09
b9b59191-44df-48cb-ba1f-df7ce1641064,点击商品,5.0,5.0,945816.6,2025-07-27
7f996951-168e-4bb2-94f8-c6ab37d3460e,很多商品,5.0,5.0,565552.22,2025-08-01
e172c694-620c-428f-80e0-512b35b5db97,现在商品,5.0,5.0,2073629.5,2025-07-15
074074d9-4e3d-46d3-95cf-a8e41330d127,单位商品,5.0,5.0,1123061.76,2025-07-12
c4175b87-f56f-4fb8-b4fa-069bd7c08b2f,当前商品,5.0,5.0,2721203.1,2025-07-11
9937c53e-45f4-4311-8a81-1fbe67bd6982,加入商品,5.0,5.0,2573341.17,2025-08-04
2e217688-6667-43b9-ad44-fe911a4cee27,原因商品,5.0,5.0,466028.02,2025-07-11
0c3f7a60-63f0-4437-81ae-3edef393a5a1,而且商品,5.0,5.0,658131.6,2025-08-07
c7f13ec4-8020-4267-ac45-6a4b35734f48,因为商品,5.0,5.0,1.422480192E7,2025-07-11
694f20ed-872c-48aa-bd9b-f37921e7aee0,所有商品,5.0,5.0,3414398.07,2025-07-17
937cff09-03f8-4d7d-829c-1366ee1c203b,国家商品,5.0,5.0,166884.4,2025-07-28
adb7f937-fbca-47e3-84dc-7ab6d6b69588,问题商品,5.0,5.0,8093152.02,2025-07-17
47deac27-996e-4c84-8f17-7b4855902c02,他们商品,5.0,5.0,1757783.6,2025-07-22
4a04c354-4550-41ba-b4d6-5bd88fed6436,什么商品,5.0,5.0,1122784.81,2025-07-31
99f952c5-573f-48b1-a83b-7028db18f7b4,一定商品,5.0,5.0,2688662.28,2025-07-27
a70ff694-d246-452f-8809-e71ac477a609,全部商品,5.0,5.0,2915216.85,2025-07-31
8ea6ffc9-78b5-4fe7-8065-b1ef62864008,个人商品,5.0,5.0,151518.1,2025-07-27
a13fb529-45b9-4388-8e74-c96aba0ff352,都是商品,5.0,5.0,10469.8,2025-08-01
4db09244-8571-419a-87fb-482ac9ab1451,功能商品,5.0,5.0,9384.28,2025-07-27
aef7d580-1b0c-46bb-8ddd-6f31d94603db,专业商品,5.0,5.0,401038.75,2025-08-01
2f7f49fd-ebe6-4f92-92d2-75224b3c505f,登录商品,5.0,5.0,476813.82,2025-07-29
5e2af115-5561-4676-abfa-50cf10e4ea3b,今天商品,5.0,5.0,3477230.19,2025-07-13
2c2cea31-96ad-4854-aea6-061ff331a30e,威望商品,5.0,5.0,25748.8,2025-07-18
a2ab3593-ad45-4a13-b678-a795c1c0c413,美国商品,5.0,5.0,119805.39,2025-07-17
95c304c9-50f0-4c3f-8aef-d7736c84fe50,功能商品,5.0,5.0,983247.98,2025-07-18
89fa1b72-ddd3-42b1-906a-31e7aa5d5140,所以商品,5.0,5.0,6129641.76,2025-07-30
0da4a547-b950-499a-8098-44c0b101a253,成功商品,5.0,5.0,975792.69,2025-07-13
9f7d5f87-6b55-4dd6-a9a7-32c249b0dcf2,部分商品,5.0,5.0,390247.05,2025-07-09
03240e8a-7c88-4260-9e22-3ddfd7611e62,文化商品,5.0,5.0,1.537232198E7,2025-07-23
69ade2f8-e187-408e-9a13-eb32d8049865,技术商品,5.0,5.0,4199793.38,2025-07-18
452a481e-5f5e-4857-bf48-06a577ac8e1b,工作商品,5.0,5.0,45352.64,2025-07-15
c0b0db10-a34a-4453-8d36-c6d6f47f6dbd,这里商品,5.0,5.0,3268026.88,2025-07-13
a03a04eb-6d3d-4b7d-afa0-bf2a5cc7c7f3,今年商品,5.0,5.0,151179.93,2025-07-15
f00c9803-2254-4f71-bd73-611382838c23,建设商品,5.0,5.0,1755379.08,2025-07-29
e72fd1db-a3bb-4dad-b7a4-ead2165006e9,位置商品,5.0,5.0,4657667.84,2025-07-15
459876ba-534f-4087-9d26-aefa18567ddc,继续商品,5.0,5.0,324788.4,2025-07-24
57aa8b77-a2e4-46e3-8b4b-3fdb7ba4bdfd,然后商品,5.0,5.0,1237832.52,2025-07-15
d30f1e1e-8f92-4e3d-aa3b-e7acbc34c9ef,更多商品,5.0,5.0,204341.13,2025-07-20
56d39db9-f74a-4079-963c-963fcda2d194,国内商品,5.0,5.0,240916.96,2025-07-15
3141c06f-250c-43c9-b054-0b91f5a14bcc,就是商品,5.0,5.0,603108.99,2025-07-19
b2a91d9f-9fff-4ac1-a444-6b38d8eba69a,之后商品,5.0,5.0,29626.8,2025-08-04
1cd54749-e198-49d6-a052-f7d0c1becab6,非常商品,5.0,5.0,4299454.7,2025-08-07
f55f2300-a982-4550-8ead-8452e88fd546,政府商品,5.0,5.0,3138778.44,2025-08-04
a0509b85-d3c8-4943-a3a8-f4cec3a5a546,完全商品,5.0,5.0,131220.6,2025-08-03
96ca17ea-c1d4-43d1-aa5e-07ead7230c02,威望商品,5.0,5.0,86060.8,2025-07-25
c473ee1d-51d6-443b-b351-7203495fa0e4,教育商品,5.0,5.0,2771461.94,2025-07-18
216bae1d-9e63-4011-bd95-b330fb06b6e0,管理商品,5.0,5.0,472934.22,2025-07-16
a52da7b3-778c-4f1a-ad76-dbde02816d06,这样商品,5.0,5.0,1714784.4,2025-08-01
35778626-4ab6-49db-8489-24a6895e733c,不要商品,5.0,5.0,4781596.8,2025-07-16
2e2b1cce-6fff-436c-bb1a-005bc4ce51d6,社区商品,5.0,5.0,3744591.84,2025-07-12
14483220-56e7-4abd-a622-9818ec06112f,阅读商品,5.0,5.0,1828211.98,2025-07-16
a59bf80f-d96b-42e3-b0cc-89e04dbe61a0,程序商品,5.0,5.0,7257805.16,2025-07-26
c0db4aa9-6391-4529-b05f-6d5d307da505,不能商品,5.0,5.0,4648446.59,2025-07-26
3da15a70-51dd-47df-8c77-9e2c5221b3dc,不会商品,5.0,5.0,698728.73,2025-07-11
0a8ba255-87a7-4885-8a8d-684721e50668,需要商品,5.0,5.0,574908.24,2025-07-12
ae76c05f-2b4f-42c4-afc3-00f374bd70f4,觉得商品,5.0,5.0,113683.08,2025-07-21
7ee6b498-c778-400a-bf5f-19d9d55af3af,相关商品,5.0,5.0,3249788.79,2025-07-12
96e8f69b-22de-4752-b144-181877a27624,北京商品,5.0,5.0,1923531.4,2025-07-24
e88bb240-d374-4a2b-9d2b-58440fc907c9,使用商品,5.0,5.0,3131300.73,2025-08-04
06475ee5-9cc2-4bf9-b575-20ff022c6d10,要求商品,5.0,5.0,1019538.6,2025-08-03
458aa773-41f3-471c-bfb5-89d46a2ab9e0,开发商品,5.0,5.0,5360445.0,2025-08-04
31fae247-f7d2-45e1-b4d2-7d9d9d1e17ae,完成商品,5.0,5.0,1051567.5,2025-08-07
fdfb7e5b-9466-47e3-8292-bd6c0116da83,图片商品,5.0,5.0,2964956.54,2025-07-23
7370de27-540b-422d-a80e-da527e49034e,提高商品,5.0,5.0,545019.86,2025-07-11
5d6d27a0-bca0-49f8-8157-37523a12c8e0,她的商品,5.0,5.0,18389.25,2025-07-23
2d5c88d4-6994-46ac-8ec9-94a95fbf7956,经营商品,5.0,5.0,8687670.96,2025-07-14
ecd236c6-06be-4f76-9e89-c0ab7c4be74a,运行商品,5.0,5.0,25477.56,2025-08-03
dac64a43-a5e6-4e05-b316-066c97605220,经营商品,5.0,5.0,563160.01,2025-08-02
450a3d79-b477-4b52-b778-96b247caee41,情况商品,5.0,5.0,921626.1,2025-07-22
260a6a1c-a249-4a81-9f55-379ebc1e23a0,空间商品,5.0,5.0,96796.62,2025-07-16
90857528-7418-47a5-b941-4848b437bb62,名称商品,5.0,5.0,203146.88,2025-07-12
e1a04e3d-6c84-4969-8050-145eacfc810f,他们商品,5.0,5.0,1607881.05,2025-07-30
de85cdaa-243e-4c32-8d8b-57e6d08c8ec0,经济商品,5.0,5.0,25973.29,2025-07-12
75fe0ccf-691e-46fb-81dc-139ce8336080,留言商品,5.0,5.0,5392163.25,2025-08-04
d9736e66-9c90-4902-a72d-cd827d01519a,大学商品,5.0,5.0,1080691.2,2025-07-12
236f07bd-5f19-49ac-a4a7-3e87de2e6d73,工具商品,5.0,5.0,489161.4,2025-07-19
a9e70f1a-1276-4509-bcde-e61c7bca719c,汽车商品,5.0,5.0,8005113.12,2025-08-06
b4050c78-2dd2-4c09-9d45-bb9afb39eea4,同时商品,5.0,5.0,1610423.68,2025-07-18
f385498e-0e3f-414c-96a5-4c415da0d1ab,影响商品,5.0,5.0,6492364.68,2025-08-07
851a7c70-2822-44e1-9372-5fa11f355a5d,商品商品,5.0,5.0,5671647.36,2025-07-18
5443799b-3059-4ffe-94b7-97fc57e63dc7,工作商品,5.0,5.0,7124665.66,2025-07-22
9b048a51-a902-42b3-b5c3-fd65be050065,经验商品,5.0,5.0,2.359750956E7,2025-07-26
a1261092-45ae-4fc1-ae93-4861ab5ec413,加入商品,5.0,5.0,1039512.76,2025-07-19
789d6c56-0cab-463a-9f3a-9232f6d18072,成功商品,5.0,5.0,246258.32,2025-07-26
739e4916-3d71-4b6e-bcf6-7b44f926fb97,建设商品,5.0,5.0,305653.92,2025-07-19
0e2e7adc-4890-49c2-bcec-453ae2d26171,直接商品,5.0,5.0,295616.49,2025-07-28
14f44fa4-0c0c-442a-8cd1-9547c6bab425,科技商品,5.0,5.0,724268.48,2025-07-19
d6fdabb8-f7b8-4783-9574-386089c887fe,质量商品,5.0,5.0,2520832.6,2025-07-30
0fb8ea5c-67f5-4c5b-a3eb-cee533ebb98c,全部商品,5.0,5.0,1203028.82,2025-07-18
53642cb5-2eac-49b4-bbad-e54ae893b1d7,提高商品,5.0,5.0,773554.4,2025-07-16
bcd9ca6c-4443-4d6b-85be-991e0d8ea0d6,学习商品,5.0,5.0,1062383.75,2025-07-13
b64986fa-272e-404c-995c-897697ed0b16,任何商品,5.0,5.0,2648522.4,2025-07-16
9780d6dc-47c3-447c-93ec-e3d09b0032c8,虽然商品,5.0,5.0,2011050.0,2025-08-02
36ea9db0-6ae1-4f25-a40e-3e792753f1d7,这些商品,5.0,5.0,2438676.5,2025-07-16
443c2f84-9ea9-41f6-bb3a-7b3a19a0d69e,标题商品,5.0,5.0,8942606.75,2025-07-09
6cb2a833-720d-4579-8b59-5f2ebc11b5fc,完成商品,5.0,5.0,3245.8,2025-07-25
71a62d92-2814-4c71-9310-10f9af38e222,无法商品,5.0,5.0,287315.49,2025-07-19
556e0328-390e-41b0-a783-ef3d7f81b841,其实商品,5.0,5.0,24257.22,2025-07-25
2c763ad8-7d5b-4379-aa41-4ec3eb1db2f7,其中商品,5.0,5.0,6025306.32,2025-07-19
8f04a686-069d-4371-b099-26c8f39629c5,什么商品,5.0,5.0,21424.65,2025-07-20
8e587a42-b11d-4cb3-9271-03a17f071ade,其他商品,5.0,5.0,5569473.3,2025-07-19
74257920-7b59-4111-98c4-03f05b7074fd,全国商品,5.0,5.0,1327723.8,2025-07-21
5cd07452-89c5-4cd9-a6f5-d86376afe7d9,作品商品,5.0,5.0,5216812.8,2025-07-21
dd7fd735-ccae-455f-a1df-48e58baf8524,公司商品,5.0,5.0,746145.72,2025-07-12
0d3634c9-e657-4181-a0f0-40a0a2587d26,其实商品,5.0,5.0,2081896.18,2025-07-16
3613f496-4d16-4dfd-8b92-f720e0cd18be,一种商品,5.0,5.0,49561.2,2025-07-30
11d866ad-47d6-4e1f-8c27-349d9d1d1101,得到商品,5.0,5.0,44767.36,2025-07-16
c577a941-a311-4384-87ad-1231febec88b,工程商品,5.0,5.0,5687281.6,2025-07-30
3608eefd-36f3-4645-9951-3bfd8acb2455,密码商品,5.0,5.0,4134973.7,2025-07-27
ac4469b7-47f8-4331-9b25-22fd8fe6d57e,可是商品,5.0,5.0,2560682.9,2025-07-26
486e53fc-4af6-4ce2-9444-483f60b54184,在线商品,5.0,5.0,245807.82,2025-07-27
f2be6ed9-5290-47f9-8241-4b31babb4032,结果商品,5.0,5.0,2.58072607E7,2025-07-09
aebb0ed9-6063-437e-a6ae-673ded8503cb,或者商品,5.0,5.0,2699945.35,2025-07-27
2ba6c346-3474-4588-901c-82e3d67c1339,或者商品,5.0,5.0,266362.8,2025-07-09
fd076c04-8e51-48ff-87e4-aca5fcc2e8b2,开发商品,5.0,5.0,101518.56,2025-08-05
86d0b0d8-5bbb-45ee-9175-5ea1239e6009,国内商品,5.0,5.0,915625.44,2025-07-26
a643d6a5-5609-4393-af4b-8859d4e104d7,这种商品,5.0,5.0,6342077.94,2025-08-05
fd5af8d1-b2e1-4535-ba0b-52e6e265c394,点击商品,5.0,5.0,15980.68,2025-07-12
75265442-2ab8-4926-9dad-12ad0c72b3cc,人民商品,5.0,5.0,952245.45,2025-07-15
00d9d3be-86f6-4456-aac4-e8c5be8b5819,地区商品,5.0,5.0,1.118773152E7,2025-07-20
6fc18b23-85fc-4ceb-9ad4-616ea21b6b75,免费商品,5.0,5.0,70087.0,2025-07-31
428c8c0f-4fb1-44c5-a8d8-7b2c49fffbdd,学习商品,5.0,5.0,309145.48,2025-07-30
80f99222-4197-4b1d-ab53-56705fdfbf16,支持商品,5.0,5.0,1.082868828E7,2025-08-03
32c6bb6c-d323-4e5c-bf80-7f0df6c2a45a,包括商品,5.0,5.0,3954.3,2025-07-10
c1482f83-b14e-4c30-a924-c0419785c5de,这是商品,5.0,5.0,932849.58,2025-08-05
af614ed5-4cca-47b2-a30f-03d2960f3cc7,人员商品,5.0,5.0,361910.72,2025-07-25
9fe0d7f0-c2f5-4cd1-af28-274744861835,质量商品,5.0,5.0,158772.12,2025-07-12
68a35f48-0082-400c-8af8-99dc74d90f62,有些商品,5.0,5.0,1.29293036E7,2025-08-01
0d10366d-73bb-4343-a482-11caded41b81,影响商品,5.0,5.0,188334.86,2025-07-12
da7d2194-d2f8-49d0-860a-90bf7c8fa68b,出来商品,5.0,5.0,617444.46,2025-08-01
62f0fb4e-18fd-4fea-9c62-a4e00f6ed980,文化商品,5.0,5.0,881726.8,2025-07-19
0d524a59-7c2a-43cd-9036-a23cb33c82cc,本站商品,5.0,5.0,2494293.45,2025-07-25
477b7055-1d21-40ba-a3f0-4ed6c104aa17,能力商品,5.0,5.0,145446.6,2025-07-19
5f80537e-de60-4739-accf-75538b877a79,自己商品,5.0,5.0,932423.8,2025-07-20
53d13ce9-318e-49c3-89cc-d573b28d6f4a,国内商品,5.0,5.0,252576.12,2025-07-19
8c466543-fd9e-41df-9e5c-b26e3ba6f0ec,帮助商品,5.0,5.0,1066750.92,2025-07-25
5c7e565d-002e-43d5-bf49-2e9d9ff7c077,的话商品,5.0,5.0,6979300.0,2025-08-05
2a0b7034-ad98-42e0-ac40-c1ef4963b1d0,到了商品,5.0,5.0,2669440.51,2025-07-29
8f8bc18e-c8b0-4afb-86d6-ba2927cfc8a5,手机商品,5.0,5.0,140308.74,2025-08-05
b105e3f3-1496-4eb3-83cd-418adac4e2ab,中文商品,5.0,5.0,268236.64,2025-07-23
57cc90a4-77f3-4146-88ff-984e497d41fd,生产商品,5.0,5.0,146957.0,2025-07-29
ef507461-7a5f-4487-bfc0-c44d58461e91,这个商品,5.0,5.0,806025.92,2025-07-23
2100af5b-7ca3-4c32-83cb-5e6f4d0f5b8a,提高商品,5.0,5.0,552143.95,2025-07-12
c067b69d-9792-4623-a378-af3a17d46677,中心商品,5.0,5.0,838501.4,2025-08-01
1936b25e-0d4b-4ada-965d-89dd3752b02c,电子商品,5.0,5.0,9907547.3,2025-08-01
0dfd5a68-ef6e-4783-a95e-375cc1f0ff05,也是商品,5.0,5.0,1134779.8,2025-08-01
17059731-36bf-4ac9-b8a0-124c68ddf57e,决定商品,5.0,5.0,49298.16,2025-08-03
60a4848c-352d-42b5-a88f-66e26c58a050,之后商品,5.0,5.0,9573911.41,2025-07-20
ce5bf5d4-f7ad-49e6-b3f8-2a9152f6ee18,威望商品,5.0,5.0,2027999.68,2025-07-16
c9c1f216-37a0-4914-b9d7-dc449f1c212c,使用商品,5.0,5.0,1276852.5,2025-07-20
a3793ea4-175c-4b6b-a4ce-4957955f5edf,具有商品,5.0,5.0,606571.2,2025-07-16
6dc11e70-8263-4e73-b5c9-40bc40ee2b4a,相关商品,5.0,5.0,8939989.96,2025-07-14
c8802d57-294c-43d7-9780-b5fe0474d0ee,回复商品,5.0,5.0,72162.39,2025-07-16
2ef2cce7-2841-4f3e-a481-90a7466fbf74,次数商品,5.0,5.0,3053283.66,2025-07-28
14767658-585c-4742-8af0-a9de76a73a68,但是商品,5.0,5.0,2332290.24,2025-07-11
c7a08cc9-6cf5-4c43-994c-975f3c1c2530,类型商品,5.0,5.0,1120830.9,2025-08-02
20da4721-db66-45ff-a182-3ca74d9b21fb,学校商品,5.0,5.0,490967.3,2025-07-14
bae285bd-9f02-4ba2-9b99-6f8f7567dc5a,如果商品,5.0,5.0,1082267.76,2025-07-09
e9d163ba-6bc5-4251-bf3a-aeff510f976d,有限商品,5.0,5.0,2744364.0,2025-07-14
781458c4-25ca-42eb-960b-990668638a11,一般商品,5.0,5.0,104252.16,2025-07-29
961e5baf-8677-4ebb-9d71-6b8083e6f8a1,行业商品,5.0,5.0,9881724.44,2025-08-04
a54bba6d-2fe2-4c64-98f8-2a2c21343642,国家商品,5.0,5.0,2427015.15,2025-07-12
1b27282b-f1ab-4da0-9c69-d168a827265c,客户商品,5.0,5.0,3606718.0,2025-08-04
776328db-e4d5-4973-b504-5dbfbebf5573,工作商品,5.0,5.0,528038.13,2025-07-26
7bf9b247-ccca-4fd0-8e7a-f920827ebb73,包括商品,5.0,5.0,1214146.06,2025-07-16
e3013abc-e2aa-4b47-a275-3ea151f0b87e,一样商品,5.0,5.0,40762.83,2025-08-06
fa762888-dee0-4e8a-befe-759288a30247,以上商品,5.0,5.0,4021883.9,2025-08-05
106c5f75-a9a3-4703-9ddd-2877842c8bef,发布商品,5.0,5.0,7810561.43,2025-07-27
a6f1c12c-5e82-47c7-8301-b08fa91e087f,一切商品,5.0,5.0,175736.56,2025-08-05
25b658e1-513c-4e5f-b6a3-b376ba739d23,不过商品,5.0,5.0,1553658.0,2025-07-14
ec47f024-1999-4c81-ac17-9d3b83e0f517,产品商品,5.0,5.0,221746.14,2025-07-13
f8cdbc7e-1a60-4206-a458-7459ed884206,学习商品,5.0,5.0,977860.64,2025-07-27
4da99eef-c630-48f1-8239-4c37339f5758,然后商品,5.0,5.0,440079.3,2025-08-03
9e80dd0c-cda7-42b1-9cfb-901f7148c523,设备商品,5.0,5.0,9604804.28,2025-07-27
6a71bf7e-b55f-4a7b-a452-4660767fdd0f,怎么商品,5.0,5.0,61832.4,2025-08-03
afca365e-f5fa-4452-8005-b6758af20b88,成功商品,5.0,5.0,385252.14,2025-07-29
c66b3129-ba28-4c12-a1e4-ef4c024af26e,以及商品,5.0,5.0,141027.84,2025-07-18
4b55d28a-05cd-430f-9be5-79aa75c7556d,介绍商品,5.0,5.0,735467.53,2025-08-06
e2891414-ba46-4c8c-ac82-7e045ee23ccf,品牌商品,5.0,5.0,2739672.4,2025-07-18
79c655e5-f26b-47b4-bc74-d2a5eb66b248,知道商品,5.0,5.0,311964.75,2025-07-19
bd5fea76-104a-4939-9baf-d379b6efa6db,留言商品,5.0,5.0,342951.39,2025-07-18
3a7ba8c0-fbb8-4a57-8b51-e039a3ccad14,联系商品,5.0,5.0,9196457.76,2025-08-05
7359b5aa-c828-4263-bacc-7d91bdb28ae2,密码商品,5.0,5.0,460512.48,2025-07-28
20ce8b31-1aad-4aff-874a-732efad773b3,重要商品,5.0,5.0,43945.07,2025-07-31
4117dae7-54b0-478f-b253-b8bcd026f40d,有限商品,5.0,5.0,268940.0,2025-07-26
93b37767-29a2-479b-a8fd-7587e0e27624,搜索商品,5.0,5.0,1291821.0,2025-07-31
77fd1150-9602-4dfb-ae59-d38e5309ead4,各种商品,5.0,5.0,3891.8,2025-07-26
0fed7aab-e3b1-42b9-8991-f0fb5df3920d,以上商品,5.0,5.0,833004.76,2025-07-31
b8f40266-72d9-4e08-be29-6115d0703f1d,要求商品,5.0,5.0,2600757.24,2025-07-26
dae9ad00-4a1e-4b82-88c6-086fb9b52ebc,表示商品,5.0,5.0,4532347.56,2025-07-17
7c193dea-176c-4f70-abf0-98d5adffdd29,这里商品,5.0,5.0,629555.74,2025-07-19
cc815e5c-1643-4e17-b3ab-e3b3d52ddb30,对于商品,5.0,5.0,55707.22,2025-07-26
c70c6a67-6063-4345-8ab9-4962c5957dec,程序商品,5.0,5.0,93882.74,2025-07-19
85ac42f8-3cd4-4861-9e71-ef9469c7a6cc,主要商品,5.0,5.0,340379.24,2025-07-19
9e5f23ce-d816-403a-826e-d4ad8faf6729,一次商品,5.0,5.0,2638202.97,2025-07-19
ab2f85be-9a08-47eb-821b-83773b65a0a4,来源商品,5.0,5.0,35348.48,2025-07-24
7568aa5e-58f4-4bee-8b24-447b32724346,留言商品,5.0,5.0,2051270.4,2025-07-18
0f0abbfa-f97a-4f6e-8c89-ba301d4066dc,技术商品,5.0,5.0,410946.1,2025-07-20
d20c4382-dc2c-42f4-ae52-ed4d0f833252,客户商品,5.0,5.0,2324253.69,2025-07-10
a6643938-4dd2-420d-8800-aaa5acb2d65d,工程商品,5.0,5.0,195505.65,2025-07-13
a6e04fc1-5b06-414a-b816-16010e076e37,名称商品,5.0,5.0,6634820.0,2025-07-09
a30b8df9-4295-4dcd-bc62-88d2cf2abd99,成为商品,5.0,5.0,1366248.87,2025-07-30
cce1bd01-fe3c-469d-b45f-7219ced3e2f0,方法商品,5.0,5.0,527815.5,2025-08-02
a71e832f-8df9-437c-9e2d-86da9fce233f,会员商品,5.0,5.0,43544.15,2025-07-10
79027ff4-5c1a-442c-ad94-077a853bae37,出来商品,5.0,5.0,2398.54,2025-07-17
c9df24cd-3869-478a-8eec-72b2f8b374df,各种商品,5.0,5.0,1062942.65,2025-07-10
8a98d068-8581-4995-ae3f-ffe9704a7f3f,基本商品,5.0,5.0,1439.75,2025-08-04
cdc33999-0f52-422f-88f0-98547191de5c,使用商品,5.0,5.0,1613368.8,2025-08-01
b9c5c9f5-862a-4dbe-8d37-6631480d1064,都是商品,5.0,5.0,482675.05,2025-08-04
1b65f9fa-fd9f-4c23-bb0e-f6f25b638442,一切商品,5.0,5.0,868736.85,2025-07-20
48c851b5-4282-4d64-820e-3819121d59ff,以下商品,5.0,5.0,4441788.34,2025-08-07
34ebd388-b808-46cf-8d98-9a2be9f75275,成为商品,5.0,5.0,2275021.92,2025-07-20
9ba2a535-2e32-4798-bd2c-56843e7fd0b1,工具商品,5.0,5.0,3664856.8,2025-08-07
73ac1534-4c9d-409b-8aeb-bda3539fd3b4,也是商品,5.0,5.0,604227.36,2025-07-31
bba99463-e9ee-41f1-88b0-7971e745da42,一次商品,5.0,5.0,9524006.25,2025-08-04
98d7e60d-53cd-40c5-a4f1-e9520cac1a99,自己商品,5.0,5.0,2.465312235E7,2025-07-31
6c7205df-5844-4ede-9f9d-dc72a3a41ffc,由于商品,5.0,5.0,4262934.0,2025-08-04
9e992a1f-74a5-4591-b0ab-03c38b82c7da,大学商品,5.0,5.0,1.385882316E7,2025-07-31
ae1a8847-85e3-4ed8-8cb8-2437ff7109bc,类别商品,5.0,5.0,2915753.12,2025-07-20
55821316-487f-4adf-958a-34e42e657544,作品商品,5.0,5.0,3245982.15,2025-08-05
41fc8d44-192b-4123-a06c-7b0d1f608e45,联系商品,5.0,5.0,1157288.9,2025-07-25
5adbba7f-697f-4529-814e-85054fa4af34,我的商品,5.0,5.0,132446.44,2025-08-03
76452884-e8c5-48e6-b6a9-42ec2384c33a,最大商品,5.0,5.0,9908811.64,2025-08-05
902b5902-3411-4995-87de-f385c6db604d,质量商品,5.0,5.0,4765918.08,2025-08-03
829cc2eb-5923-4f92-a27b-840ca0ac9455,操作商品,5.0,5.0,4403442.32,2025-07-11
6e5014e3-7037-4cf0-8edb-d4724b2ec04b,搜索商品,5.0,5.0,7356.14,2025-07-10
8531b2d3-cb63-4e5e-b53a-ab9b2f0541f5,必须商品,5.0,5.0,1526400.75,2025-07-10
27d1ce39-894f-4476-b45d-d032a2c77602,大小商品,5.0,5.0,1798437.16,2025-07-09
3e1e1dd0-d00f-468e-aa4d-19c0725d2307,当然商品,5.0,5.0,2230027.8,2025-08-06
76479485-44f8-4860-bad0-bcb1727f8e3d,喜欢商品,5.0,5.0,463982.65,2025-07-27
95f759af-ce77-4861-884f-91dcae3790f0,图片商品,5.0,5.0,5647692.62,2025-08-07
ec1e8081-4a6c-413c-8781-6de5a21b3bd5,网上商品,5.0,5.0,93828.0,2025-07-21
fb610a5d-87f7-47ef-a235-250c5d9667b0,软件商品,5.0,5.0,9767370.16,2025-07-21
d5029d96-f310-4de3-9e93-f491126c9dcd,一样商品,5.0,5.0,713474.3,2025-07-15
d2350c90-6c36-4687-b678-9da503b35b2f,标题商品,5.0,5.0,640350.38,2025-08-07
6232f7bd-b449-4d8f-95c6-716aaf29f6d9,设备商品,5.0,5.0,8334050.48,2025-07-27
1461b006-a0a8-44c1-b9ef-387ef03495e5,上海商品,5.0,5.0,299524.86,2025-07-14
ca0f89ff-4dbc-4b77-aadf-f9ed846a6ba1,电脑商品,5.0,5.0,1327258.68,2025-07-22
82e2e547-d498-4211-8455-d278a9da0ab0,进入商品,5.0,5.0,1424689.92,2025-07-14
b16a55fb-671a-402d-8762-f570bbc13abf,应用商品,5.0,5.0,9048.93,2025-07-11
ed32a007-1192-42e2-b444-d36978a6e063,品牌商品,5.0,5.0,362968.3,2025-07-14
af4de9f5-8063-4191-83c6-dedd1d89c9a3,威望商品,5.0,5.0,4172231.8,2025-07-11
1b432558-6772-4a43-8ce3-26920c464d40,发表商品,5.0,5.0,828789.39,2025-07-21
4600c796-66d3-4c61-9e64-ecb883f0d457,这么商品,5.0,5.0,3213360.6,2025-07-23
19015353-b338-4be8-a23e-837d9c770103,基本商品,5.0,5.0,126283.67,2025-07-21
b95254d6-9038-46f7-bbdd-1d240c08cf3c,所以商品,5.0,5.0,5600959.08,2025-07-23
baa7d35b-bf17-4339-a915-572ab4aa401d,作为商品,5.0,5.0,2209797.12,2025-07-21
018409d5-ae49-4118-80c3-7d3abc3ae594,全国商品,5.0,5.0,6722718.46,2025-07-15
12be1f5e-b3fa-4107-b16c-53a525dbbaec,帖子商品,5.0,5.0,1986014.03,2025-08-03
0f068850-c87a-4d89-9384-7c79600b5dd4,这里商品,5.0,5.0,990422.4,2025-08-02
508b3306-de94-44f5-bd07-e9753f5fccc9,大小商品,5.0,5.0,2754501.75,2025-08-03
51cb9b61-144e-4926-bb60-30acc9bf35c4,积分商品,5.0,5.0,1.41893034E7,2025-07-15
b556c286-8844-4b99-9a27-3fe8a8abee27,密码商品,5.0,5.0,1187987.94,2025-08-04
267b09a5-6d0b-4fdf-9b5b-7f050d9f8c5c,在线商品,5.0,5.0,4801166.9,2025-07-12
7db10acf-808d-4f3f-9957-1e551e1f11ff,回复商品,5.0,5.0,2041830.84,2025-08-04
899e699c-8bc8-454b-a099-779fed4039d8,最大商品,5.0,5.0,1335199.25,2025-08-04
c783275b-2ba8-4316-8167-0c9cfc407936,图片商品,5.0,5.0,4216862.37,2025-08-04
53a4aea3-02bd-46bb-adce-a80bfcc1479b,重要商品,5.0,5.0,525914.85,2025-07-26
22b0e2cc-91d3-4c12-b916-5fb1ceb276c2,这是商品,5.0,5.0,899952.24,2025-07-26
b1749f38-2d37-404b-ab21-823465d034b0,文章商品,5.0,5.0,5830373.67,2025-08-06
bb4bfc34-f954-4816-9d5b-281f6b4683a9,音乐商品,5.0,5.0,3790843.88,2025-08-03
220570ed-fd91-4012-985b-69815460c50b,可能商品,5.0,5.0,1061612.2,2025-07-31
09f56da2-86ee-405e-be1a-538eeb84638b,点击商品,5.0,5.0,845582.4,2025-07-21
d85fe7e8-d117-4dc0-ac89-f0c2bd4ccc20,电话商品,5.0,5.0,8731.44,2025-07-21
37327d67-75d2-41a1-8487-e21cda42cb4d,历史商品,5.0,5.0,2139550.63,2025-07-21
b225cf79-21ea-49fb-94a3-d517f6c973c4,程序商品,5.0,5.0,5854330.93,2025-07-12
49cc6831-a770-42ee-aa5c-a625e5150d2d,详细商品,5.0,5.0,1962888.26,2025-07-21
35d5cc48-8eaf-451c-962a-a3f492bdd23a,最新商品,5.0,5.0,122231.97,2025-07-27
6efe7678-cd94-4950-a966-39f79e0b4509,不同商品,5.0,5.0,1618956.84,2025-07-28
631c7960-3c30-4597-b9f5-7a53781475f3,中国商品,5.0,5.0,2467882.2,2025-07-13
fa6f2082-e1fe-43b5-a255-8734f6e8da8a,政府商品,5.0,5.0,86091.09,2025-08-05
62f20601-9ac2-4546-8ca2-505efa0ee53c,精华商品,5.0,5.0,483660.12,2025-07-21
2e645adc-897c-4e48-a66f-ab67b585d243,部分商品,5.0,5.0,5351709.48,2025-08-05
bec0a2fd-9cf2-470d-9c65-b30c4eb6a428,增加商品,5.0,5.0,1055243.47,2025-07-24
abc5ea36-a3bd-4734-b488-aa236a75c6d4,作品商品,5.0,5.0,5767888.5,2025-07-14
8a20ff97-1295-4abc-afb7-9150a55af862,主要商品,5.0,5.0,7902840.24,2025-07-17
2ea6bb95-d726-4761-8cfb-183be03ef38f,语言商品,5.0,5.0,2738531.15,2025-07-14
391777a3-ff70-452e-8081-4e36d5a0c8ea,两个商品,5.0,5.0,1097064.06,2025-07-26
e53312de-35df-4932-ac64-4bfcd0588176,控制商品,5.0,5.0,3013891.92,2025-07-17
56e81ad0-f385-464b-9af8-7677314a5fc4,音乐商品,5.0,5.0,3341133.46,2025-08-07
5d63108c-df4c-44ee-9aa2-e9b3101456eb,因此商品,5.0,5.0,63446.4,2025-07-17
d0aef2bf-9cdc-4ea8-bfc3-6e336f19c970,以后商品,5.0,5.0,1879285.68,2025-07-11
704db099-c619-4686-9f24-b413c081f8ad,两个商品,5.0,5.0,453451.7,2025-07-20
02cb746a-6497-4edb-ab67-6484e30344d9,地址商品,5.0,5.0,418262.22,2025-07-27
9a38f1d2-273f-4e9e-8bf2-4df23d178999,责任商品,5.0,5.0,2968527.36,2025-07-20
ff47a640-78ce-43d4-989a-05df2850a3e4,目前商品,5.0,5.0,563707.3,2025-07-21
d1df7e95-532c-459e-8468-a91b0b78ab65,市场商品,5.0,5.0,386342.1,2025-07-13
f0ba73f4-a672-433e-a086-16a98f79d336,研究商品,5.0,5.0,199489.22,2025-07-31
ec586f6b-bc11-46ac-8ef2-16f60cc69efc,目前商品,5.0,5.0,1917798.87,2025-07-13
a0904a65-8ce8-478f-9bf7-3c5063e13a85,国际商品,5.0,5.0,70048.5,2025-07-13
c0b27844-5fa7-4b88-ba80-8f490579bba7,商品商品,5.0,5.0,5626242.72,2025-07-25
11793bea-70fd-4de0-bd11-74bee4004364,标题商品,5.0,5.0,2000913.77,2025-07-31
59f484bb-71b1-4996-bb0d-2cdb056064a9,组织商品,5.0,5.0,521091.83,2025-07-17
65d15ae1-0f74-4e5f-812e-46b8b5eb6093,一切商品,5.0,5.0,347478.3,2025-08-07
ff74724b-b200-425a-ab1e-cdcc9a624b5e,结果商品,5.0,5.0,1270761.84,2025-07-17
bf6fdda9-cba9-42d4-a5e2-76e5ee2da17c,说明商品,5.0,5.0,856861.28,2025-08-04
ca551038-687a-4128-9e75-6164d9e64bb3,觉得商品,5.0,5.0,2.18133324E7,2025-07-16
d49eecd9-5a52-44c8-b81e-49803092a8fa,直接商品,5.0,5.0,3397336.32,2025-07-30
3e7192bd-f801-4277-9383-792220978a2e,技术商品,5.0,5.0,993629.35,2025-07-30
56d8b0a7-734f-402c-8956-e35f0d3f08aa,开始商品,5.0,5.0,2386604.18,2025-07-23
3cdfa1e4-5046-49e9-ac0b-74cf1f1a4ddd,威望商品,5.0,5.0,2739952.32,2025-07-30
55427fdd-dc8a-43b2-8439-f72e8990964e,关于商品,5.0,5.0,31282.8,2025-08-03
e8d70dfb-18e3-4234-b7e0-e507e77d12d8,会员商品,5.0,5.0,2678891.39,2025-07-12
4da843c0-b501-4c1d-ba34-011b585cf89c,内容商品,5.0,5.0,226369.28,2025-07-23
248807b5-834c-4dd9-93ee-c4516ef00cd6,电脑商品,5.0,5.0,219688.86,2025-08-01
f8d556b7-b55f-4a74-814e-7f84f85215d2,谢谢商品,5.0,5.0,477282.15,2025-07-10
aa2321ff-f3e0-4c03-8d2f-cf5373fbc0d7,帮助商品,5.0,5.0,30088.0,2025-07-10
3994e5bc-a605-40f3-a685-1a0cfa5c3485,具有商品,5.0,5.0,4956199.3,2025-07-26
2f92de16-f519-4a8f-9ae3-369f03cb4d2f,等级商品,5.0,5.0,2043475.65,2025-07-27
cf0f65ca-ce74-4bfa-8839-2a390801d405,一些商品,5.0,5.0,3.151409328E7,2025-08-04
922e622b-e27c-4cb8-a002-45195db442d4,已经商品,5.0,5.0,6351676.92,2025-07-27
335f917e-1605-46ec-b2f7-364238858568,威望商品,5.0,5.0,288770.0,2025-07-18
4b7d660f-46df-40b9-9d22-2e25d3ac3ffc,标题商品,5.0,5.0,204859.71,2025-07-12
c8316d29-d413-4e5b-94e3-eb5493e3398d,就是商品,5.0,5.0,523720.75,2025-07-13
53cac73b-b4ba-415a-856a-8b69ef02eacb,密码商品,5.0,5.0,1.01939502E7,2025-07-12
5f92db2b-59ec-47bb-af6b-6b6e949efb03,一样商品,5.0,5.0,86555.7,2025-07-26
209e9086-817c-4529-b8b9-88247b1950e5,重要商品,5.0,5.0,1.9516448E7,2025-07-12
36e817f6-5e8a-4bf3-b2c1-57a4f0da1f44,实现商品,5.0,5.0,1132423.92,2025-07-10
a11b408a-2144-4cef-b34c-4ce5bba71651,基本商品,5.0,5.0,901957.68,2025-07-12
1e51c5fe-3295-4c5b-96a0-7ac1900d5e2d,更新商品,5.0,5.0,21719.88,2025-07-27
52f6999c-96e1-43a6-9d73-b22729d05378,女人商品,5.0,5.0,4029993.03,2025-08-01
f7cd892f-ef1e-4c8b-abf2-c9701dee4d58,说明商品,5.0,5.0,2075077.14,2025-07-15
80355a66-6a5d-4155-823a-9218174ea822,过程商品,5.0,5.0,245111.4,2025-08-01
bb255500-270e-4fb1-9082-a7cff38d9c52,销售商品,5.0,5.0,4708412.8,2025-07-27
8eb4cf76-94b7-46c4-86b2-464f73b43a46,根据商品,5.0,5.0,1106249.35,2025-08-01
21f2fd1d-8ca4-4b52-88a9-b1df50597cc9,任何商品,5.0,5.0,1622968.4,2025-07-09
dc161c50-057d-4c90-abd0-b93103dfdded,法律商品,5.0,5.0,2389011.48,2025-07-17
8229e042-b665-4b14-8880-e82e0aa99e45,的话商品,5.0,5.0,782894.25,2025-07-20
26e32f66-47d2-4b43-971e-481088770735,方法商品,5.0,5.0,2634698.88,2025-07-25
7e7e360d-7f52-4c9c-bfef-c41d0637677e,由于商品,5.0,5.0,1435512.14,2025-07-09
6e1de54c-6cf0-4852-a25b-000032ebe6b9,提高商品,5.0,5.0,2912861.68,2025-07-28
790ea9fb-a853-4ea1-a774-7ed0ecaaba2c,标准商品,5.0,5.0,6462336.58,2025-07-11
364af4fe-34ef-4ed5-a059-b2617c956975,人员商品,5.0,5.0,426035.4,2025-07-26
0097f8e7-b0e5-484a-b835-08498aaa05ff,参加商品,5.0,5.0,472078.08,2025-08-07
f0fbb37f-76d3-4194-b441-7a68586a6989,成为商品,5.0,5.0,4857562.5,2025-07-26
0f392c97-4252-4564-a554-9beef691ce11,制作商品,5.0,5.0,1.539635724E7,2025-07-31
cd2a9402-6356-47b9-8a1f-c2b49122a5ae,不要商品,5.0,5.0,433745.3,2025-07-16
6ebfdc7d-3f89-4afe-ae66-f2437b16cfda,出来商品,5.0,5.0,1453.6,2025-07-31
178e1127-f2dd-47b2-b84e-4f3f33d7c722,发布商品,5.0,5.0,216435.85,2025-07-16
616ac7d4-12e2-429b-9489-ae577057797d,其实商品,5.0,5.0,1633309.74,2025-08-01
7e384d48-f64a-49e4-9cb4-4dea59a8670b,发布商品,5.0,5.0,38230.86,2025-07-16
047aefac-ca7a-4615-ba9a-12ce0164139c,很多商品,5.0,5.0,3193.45,2025-07-17
94865060-cb84-4d5a-b76b-f38d5a930d06,单位商品,5.0,5.0,571249.38,2025-07-16
f3555706-5298-4aa4-9027-880604b453af,关系商品,5.0,5.0,7196865.6,2025-07-30
067c57dd-b0dd-4c8d-84ac-616ce1182d56,这是商品,5.0,5.0,708360.12,2025-07-24
5c7c3390-ab8b-4ee7-a164-61052a146f93,在线商品,5.0,5.0,2280146.46,2025-07-18
374da38a-12e0-47ed-b1e1-0671c7e45db5,最后商品,5.0,5.0,61143.0,2025-07-24
9ef733fc-3a36-44fc-b872-12633d8720b9,当前商品,5.0,5.0,4037055.2,2025-07-24
c297be00-4303-4e25-a5d7-272c5f95f647,完全商品,5.0,5.0,1230674.28,2025-08-04
2caab786-9042-4eba-8a1e-b7eb3e202abd,中文商品,5.0,5.0,5005577.36,2025-07-19
7e847962-8a2e-4d64-b8bd-8c2037e14409,专业商品,5.0,5.0,1430950.51,2025-07-17
1fe02cdd-c383-43ba-9c69-623a1232ecf2,免费商品,5.0,5.0,6785716.0,2025-08-03
5de263d7-b41c-4ac7-857a-7c4415d86acb,那么商品,5.0,5.0,5283542.66,2025-07-17
5ad09cd8-5843-4657-b07b-d49d1e886c37,控制商品,5.0,5.0,2538600.61,2025-08-01
76683065-a428-4824-a89a-d9eb747a3540,教育商品,5.0,5.0,1.301066326E7,2025-07-09
f6e41185-8785-444d-a9e5-f4131f3be846,注意商品,5.0,5.0,1569028.94,2025-07-26
50e28d85-dddc-4913-b3d9-78108c006bc5,语言商品,5.0,5.0,1.112686462E7,2025-07-09
dbf9aa32-0559-4b2d-9f7e-49e9fa822712,是否商品,5.0,5.0,3203330.13,2025-07-11
a4ab0b50-80dd-47f0-a48f-fd8f23ebb259,或者商品,5.0,5.0,1.227379725E7,2025-07-16
937f0e31-06ad-4be1-ad45-0d341739a33d,图片商品,5.0,5.0,2.115442733E7,2025-07-24
e332a7eb-11a2-4ad2-ac22-af45515f7945,那些商品,5.0,5.0,4381115.29,2025-07-31
a94fda74-c9d4-42a8-981c-c157b02b0561,而且商品,5.0,5.0,2567058.77,2025-07-28
5716a50a-10b1-4270-9074-25e187cce622,会员商品,5.0,5.0,330656.32,2025-07-18
90cba495-b5ba-4632-a8e8-a8655cb15afa,上海商品,5.0,5.0,469010.52,2025-08-07
f73ada1c-ec01-4528-92f2-24efb31d5f24,国际商品,5.0,5.0,173282.0,2025-07-18
3f6b63fe-075d-4f10-aa6c-00e64c112ca2,中心商品,5.0,5.0,2482361.0,2025-07-13
55cd91bd-8212-46e0-b41e-2ef9d5f7140f,关系商品,5.0,5.0,920188.5,2025-07-23
6f038155-e862-4626-ab79-95e747f03a93,详细商品,5.0,5.0,2503639.7,2025-08-04
8b2cd239-68e2-4af9-b87c-ef839dad5fc1,因为商品,5.0,5.0,1255926.96,2025-07-26
527f0ae0-4d2c-4657-ae91-acda14cd3af8,这个商品,5.0,5.0,2012.76,2025-07-18
aea7d927-4cec-4115-8417-0247625873b9,工具商品,5.0,5.0,1197639.42,2025-07-30
54cf4a59-e6f4-4e7d-9bad-754f9025bf9e,那么商品,5.0,5.0,1129590.07,2025-07-26
ba6bed05-bca7-4239-ac61-51ad046cc89a,要求商品,5.0,5.0,4274434.32,2025-07-14
35d51e4d-1818-4bc8-8040-3d35a64469ca,等级商品,5.0,5.0,16152.78,2025-07-28
c821219d-c568-4648-b759-74617b0bd31e,一切商品,5.0,5.0,229267.5,2025-07-22
894da834-dd55-4089-94a6-bc950cc5bb1f,业务商品,5.0,5.0,1.1241E7,2025-07-16
d0b842e5-65e7-4312-ba82-cc0d2dea1029,决定商品,5.0,5.0,533963.99,2025-07-22
5b523f9b-6700-4f88-8f7d-a01a6d1d4091,学习商品,5.0,5.0,700458.4,2025-07-29
dba7bfa7-1265-4401-97ef-0ec742852b81,会员商品,5.0,5.0,7775.68,2025-07-26
0f8e94ec-3790-4780-812a-6e012dbb7fed,文化商品,5.0,5.0,494360.53,2025-08-07
bf0990ef-c4f3-4603-bfc0-b91fec647004,成为商品,5.0,5.0,118082.0,2025-07-11
787abd5e-ce11-402e-80ac-ba70a790237b,人民商品,5.0,5.0,1376257.6,2025-07-21
e9e1c1ce-f3db-462d-9f78-b203284b1671,还有商品,5.0,5.0,757862.4,2025-07-11
907dbeb4-9282-42b3-aa3a-e9864f4cbfc2,很多商品,5.0,5.0,1431150.0,2025-07-30
cda47795-31bf-44fe-af72-2122c2e0049f,要求商品,5.0,5.0,114238.53,2025-08-03
43153251-f046-45d4-a78d-df3a9a92c0e5,得到商品,5.0,5.0,3227446.25,2025-07-26
f75b665b-8936-4392-8c46-4f23a381bc36,在线商品,5.0,5.0,433988.28,2025-07-10
7864352a-4c8f-4af5-8750-9a0715ecdf56,自己商品,5.0,5.0,3353635.26,2025-07-09
be412275-c27f-4b06-aeb7-53eb8cf04776,运行商品,5.0,5.0,214849.43,2025-07-23
26309a2c-be01-4abf-ae6f-4022691a1fb3,孩子商品,5.0,5.0,269562.04,2025-07-20
15900a3f-47a8-4065-8bb5-91ea1aec1fe6,参加商品,5.0,5.0,37075.01,2025-07-23
6339e035-ba7b-4c2d-a84b-13a16e468459,计划商品,5.0,5.0,2365745.36,2025-08-02
3fdbcdc1-f7f1-4ed7-a8cf-ea027a452d5e,日期商品,5.0,5.0,1071379.44,2025-07-22
df124710-bf71-4ee7-9f41-66282bfd9113,是一商品,5.0,5.0,4768199.08,2025-07-25
525281b6-904f-4dc0-8733-be305027e019,密码商品,5.0,5.0,618767.25,2025-07-30
1fb0e814-9a3f-4bbd-a716-42435840a715,因此商品,5.0,5.0,2923171.52,2025-07-25
4bf61598-d70a-4e47-b056-4a11a3f685f6,结果商品,5.0,5.0,5324421.9,2025-07-30
dd79ccff-8e10-42df-898b-e749d99ca63d,应该商品,5.0,5.0,1278101.24,2025-07-18
be3847f8-26d7-4fd3-8aae-e6bf1bbe37e4,电话商品,5.0,5.0,485994.73,2025-07-28
19b60361-e14b-46f9-a6d0-e2182379b644,国际商品,5.0,5.0,2089388.36,2025-07-29
5ae01947-b761-4ff2-b90a-bd900841bfed,作品商品,5.0,5.0,4328.22,2025-07-28
7a8df432-91b6-4f74-b356-cc64084d7e1f,地址商品,5.0,5.0,6247522.44,2025-07-13
3acb0373-b932-4bdc-bde2-3c3e1c497cc5,信息商品,5.0,5.0,7760392.0,2025-08-01
b29cf1e3-8299-467b-abd7-5ba6eb595c60,对于商品,5.0,5.0,144322.1,2025-07-09
585a9c7f-9b42-4f1c-8dd7-bf3137ba9d72,解决商品,5.0,5.0,118249.94,2025-08-01
dd10d40c-8c7c-4773-bce7-020055d2e748,全部商品,5.0,5.0,511756.3,2025-07-31
64c0db93-58a3-41dd-a735-0a06e1df43b2,作品商品,5.0,5.0,427784.22,2025-08-01
ff37bab0-ddf8-4e1c-9542-ae88a81b3de6,文化商品,5.0,5.0,2239842.9,2025-07-28
2942cd27-70ab-4fd9-a580-1874dc5bfe7b,这样商品,5.0,5.0,1693456.24,2025-07-11
d22bb0ad-a37a-47a5-ae3e-70da10ac5f83,到了商品,5.0,5.0,1664167.28,2025-07-28
591d843c-3e3c-4d65-81a5-bd26b07d3629,一点商品,5.0,5.0,86447.92,2025-07-09
b70d3f4f-68ce-44da-983c-34719dcbf679,社区商品,5.0,5.0,1452041.18,2025-07-26
ce2a0f84-8079-4616-a93f-546ee00c79c1,来源商品,5.0,5.0,1.040603102E7,2025-07-09
53bbf6c9-de67-423f-8507-2fa9e1f2b805,的人商品,5.0,5.0,1.57089336E7,2025-07-27
86f8cdef-51aa-47d2-8b28-e490585c18af,时间商品,5.0,5.0,2759741.6,2025-07-09
f9480901-22ab-4524-9e2f-3d5e0377a34a,很多商品,5.0,5.0,1174759.44,2025-07-14
587fd8b5-9770-4527-b711-6e2b60c7f531,注册商品,5.0,5.0,8089923.23,2025-07-09
0c1023f2-6677-4e5f-9ea3-3f02ecd49f72,对于商品,5.0,5.0,1276717.45,2025-07-29
483f5459-f305-4941-9bf6-e70b58dd35b7,服务商品,5.0,5.0,7693318.08,2025-07-09
3f5d546c-2e9b-4bf6-b0d4-b8197d0174ec,提供商品,5.0,5.0,2180545.6,2025-08-06
344b9208-21a9-40a9-b56f-39b9498de915,以下商品,5.0,5.0,9229748.8,2025-08-07
59a99f52-14b4-4db3-befc-f79fb2b435cd,应该商品,5.0,5.0,525313.32,2025-08-05
d4fbcc6e-93f4-4fa0-ab48-1ae1ef7a3ec5,最新商品,5.0,5.0,4416709.68,2025-07-25
f4396e61-4458-417a-a9ba-9a202e50df4e,单位商品,5.0,5.0,900922.62,2025-07-31
3762a194-72f0-46f5-983f-f17a5bc3c45c,作者商品,5.0,5.0,1.854532449E7,2025-07-31
4661c57f-597e-411f-ab4e-dc7a3ad9c15e,同时商品,5.0,5.0,1151443.41,2025-07-15
eca7219b-e89c-4d90-848b-2f2e454428f9,人民商品,5.0,5.0,1840925.38,2025-07-15
ba9cd774-b50c-450a-b6d4-2d9bf257d62e,基本商品,5.0,5.0,803529.12,2025-07-24
5d828de8-d675-47f1-8a52-7df4a8b856f3,觉得商品,5.0,5.0,1805541.2,2025-07-20
441d52ee-acfd-43cf-ae74-f621e300c10d,世界商品,5.0,5.0,5655416.0,2025-07-13
a038926d-fe54-4a20-84d0-3f3a1ecbe4e9,网络商品,5.0,5.0,69067.16,2025-07-12
9f954e98-5d54-41ad-b0f1-f713e11b16e9,能力商品,5.0,5.0,6187009.25,2025-07-10
eb5b9c91-5db2-4df4-85c2-70f253008ee8,论坛商品,5.0,5.0,1190920.92,2025-07-12
8d4dba47-31c9-4445-abd6-c3a0f8632267,无法商品,5.0,5.0,144851.36,2025-07-25
53972116-784b-44f1-b365-bcca38fe2152,由于商品,5.0,5.0,1640395.24,2025-08-07
7cc1409e-c5e0-43b8-8aa7-01f7acc3738e,最大商品,5.0,5.0,1.141927648E7,2025-07-20
10166470-8e12-447a-b8a9-888df92dce0d,这是商品,5.0,5.0,410629.27,2025-07-26
debfc0c3-0837-4e1c-b870-ae4f6cb34d26,语言商品,5.0,5.0,753350.24,2025-07-31
2fdc9264-f596-4e19-b7fe-4bafa98a2e46,生活商品,5.0,5.0,8018366.76,2025-07-20
c3ae2d09-7d8f-4280-b57f-5f6c4febba35,状态商品,5.0,5.0,580166.64,2025-08-02
491416ab-209b-4a83-a202-9e30856c0a60,语言商品,5.0,5.0,1.349218458E7,2025-07-14
f2d81f07-49b0-49db-9c05-513ca93011d3,自己商品,5.0,5.0,3578116.8,2025-08-03
ddb2f203-6eff-4fe1-ad18-b93b9cae3613,其中商品,5.0,5.0,1096849.76,2025-07-14
d03a7467-95ad-4b52-9843-ec5cfdebc870,记者商品,5.0,5.0,1701816.48,2025-07-09
942d2201-9030-4f22-9374-46ef8f93437f,资源商品,5.0,5.0,539711.88,2025-07-14
dcfcd485-963c-41ae-a971-1194f29ee61a,文章商品,5.0,5.0,8348435.6,2025-07-27
a03c3ada-6d11-4a40-9cf6-af358ab9a81c,投资商品,5.0,5.0,6839772.96,2025-08-05
d3fb6566-6a39-4656-b1ef-1e62ac37ff43,大学商品,5.0,5.0,8357650.29,2025-07-27
3220b330-70ab-43d0-ac17-04f754066ca8,时间商品,5.0,5.0,576055.17,2025-08-05
1767b51d-2efc-4671-935a-32efe75daf34,不断商品,5.0,5.0,5760957.0,2025-07-11
7f6e3cd9-2c27-49a6-a954-d8ee57ba8024,有些商品,5.0,5.0,103525.68,2025-08-05
df90451a-2e58-43ae-b03d-14427a86eb4f,用户商品,5.0,5.0,3519026.56,2025-07-30
49c9091e-fec7-421b-9938-cea78357857c,经营商品,5.0,5.0,5315968.04,2025-08-05
c84a74f7-820f-4b88-b13d-8b8d9684d304,她的商品,5.0,5.0,27419.5,2025-07-23
0d001902-4bf6-468a-8551-fdb18714e885,原因商品,5.0,5.0,252197.21,2025-08-05
f2451394-6307-4f03-9321-d055215d0699,时间商品,5.0,5.0,3482617.53,2025-07-15
c71d76b6-9c77-4b2d-b842-c6a8ccb437ef,专业商品,5.0,5.0,1512401.49,2025-08-05
dec53108-c5fb-4daa-9fc9-1d73138686d3,人员商品,5.0,5.0,8678929.47,2025-08-04
9c3b1a39-f591-43b7-a6c3-dd29b7de840d,包括商品,5.0,5.0,1118259.72,2025-08-05
6feeec80-d044-4efd-962f-345e4ce3902b,参加商品,5.0,5.0,1016602.02,2025-08-02
50fda1c5-7f38-4406-8819-b4e424f328a7,目前商品,5.0,5.0,6863746.4,2025-08-05
6438b3d4-a5ac-4a09-b669-bca316b713a3,支持商品,5.0,5.0,64722.42,2025-07-25
f73c8c2a-4cde-4be6-baff-4717fc3df5f5,觉得商品,5.0,5.0,1830040.16,2025-07-21
27314d1f-40c0-492b-84e5-204d70b0a79e,标题商品,5.0,5.0,457220.48,2025-07-16
20757db0-4ec5-4085-aa94-e89c8837a4ae,应该商品,5.0,5.0,6901459.17,2025-07-21
6dac6866-c8c1-4cb7-8d6a-32b96b075e95,更新商品,5.0,5.0,282906.06,2025-07-16
90b7a45b-f233-488c-b006-d1b9aa0f1278,不能商品,5.0,5.0,2441621.0,2025-08-01
5094f64a-a63a-4927-aa4e-09e1dfa96359,数据商品,5.0,5.0,1.800059628E7,2025-07-28
552e5370-e2b9-49f1-8221-c889b472c0dd,显示商品,5.0,5.0,1210271.31,2025-07-23
d38359bf-85a6-4c8a-b5ab-fc31faafb060,要求商品,5.0,5.0,5532870.0,2025-07-11
91876a15-4bd0-4e57-903f-ae71378afc7b,电脑商品,5.0,5.0,380054.4,2025-07-13
18b9dd42-aeaf-483e-ae0d-f062d603af1e,只要商品,5.0,5.0,33936.21,2025-07-09
49364e74-9d70-409d-a4d0-d31aa63f4bb4,人员商品,5.0,5.0,3424534.02,2025-07-18
6d7e9d6e-e44f-4a41-8346-7082342f922d,使用商品,5.0,5.0,1942126.23,2025-08-06
1a63afb3-4296-4452-b742-4e9a52aa1d76,那么商品,5.0,5.0,439947.42,2025-07-18
5fdb975a-0be1-4f4a-9be6-7200fe40ff60,无法商品,5.0,5.0,134679.44,2025-07-10
5ef9a1db-52af-4c80-b380-6cbcb7468eb1,设计商品,5.0,5.0,345287.2,2025-07-18
cb65be6c-c191-4088-8813-2a46d505e52b,然后商品,5.0,5.0,95567.34,2025-08-04
ee86d7d7-eb86-490c-b16d-44d45156ceee,关于商品,5.0,5.0,5434745.9,2025-07-18
b75f4e53-8e43-4d8c-861a-3b958a457e52,自己商品,5.0,5.0,258263.85,2025-07-23
ad2c1ec5-40de-4f95-b091-081401f041cd,人员商品,5.0,5.0,848342.52,2025-07-18
ca945aae-2178-41ba-9964-b31535b3a8e9,谢谢商品,5.0,5.0,4033256.1,2025-07-23
8dca37df-458b-44ee-a201-19331b83ff95,简介商品,5.0,5.0,2.425388704E7,2025-07-18
53f48d1a-6236-460e-a16c-0d117e017f1e,作品商品,5.0,5.0,2316678.0,2025-08-06
6b760978-ed15-48af-85e1-35beb0d6a3ee,日本商品,5.0,5.0,710314.75,2025-07-18
5d2dbe0f-f86b-4182-b2fa-9cc7a64efcfe,关于商品,5.0,5.0,1.838566288E7,2025-07-19
e4f7ca02-27b2-4089-9788-204124f421a5,要求商品,5.0,5.0,8617494.48,2025-07-10
43ed6337-3770-429f-aa8f-3e2b1a3f6ea0,发展商品,5.0,5.0,6528327.08,2025-07-21
d30a9417-eb02-4968-8d9a-9f35da999724,方式商品,5.0,5.0,154420.2,2025-07-10
d28d7682-e2ab-4115-856d-788e7351f1a5,浏览商品,5.0,5.0,4094359.4,2025-08-05
bfa900dc-ca6d-4173-94d0-c98405c07411,她的商品,5.0,5.0,1597992.32,2025-07-22
d020748c-f33d-45f2-ae50-5803500008bf,自己商品,5.0,5.0,4247.8,2025-07-10
0208f20e-9bcc-4a78-8d9b-483628bb439f,国内商品,5.0,5.0,2779405.65,2025-07-22
ce23c31e-54f7-4e52-90f1-567b518e2574,历史商品,5.0,5.0,1.137711495E7,2025-07-25
7c6b12e2-fbb0-43cb-ad3b-e1514b575d23,历史商品,5.0,5.0,85261.92,2025-07-22
25351a52-98df-4bba-bfc7-b1dfb8e5dc9b,电脑商品,5.0,5.0,744403.28,2025-07-20
61bc3bf2-6907-4c41-aaea-54f1d470f13a,而且商品,5.0,5.0,3961272.39,2025-07-17
e60283d8-3f9d-4c70-bfb8-06c47da7b9fc,主题商品,5.0,5.0,1350094.86,2025-07-15
f6c6916f-f1f7-4481-b95c-128eb8ab71ee,具有商品,5.0,5.0,3129778.96,2025-08-06
d119a316-52eb-422b-9505-0f6f886dda48,提高商品,5.0,5.0,651311.43,2025-07-12
91f9e7a9-df68-4cf2-8969-5f4358d4b5fe,选择商品,5.0,5.0,439374.58,2025-08-06
30d019ca-8986-4b33-b54b-266904e1384c,当前商品,5.0,5.0,4494645.84,2025-07-13
2e2550fb-3941-487d-b654-e7913885a730,价格商品,5.0,5.0,710934.3,2025-07-16
e5cc081e-2807-41e1-b7e5-e5fa83b30cb1,美国商品,5.0,5.0,1045215.01,2025-07-16
35e0e6dd-9174-4423-be90-a646dd096ec5,还有商品,5.0,5.0,501089.96,2025-07-16
8f40fdbd-9c78-4cd9-ad09-95b347bfc54b,谢谢商品,5.0,5.0,1086802.36,2025-08-01
864b92d5-ba75-403a-8f27-7668d4283b7a,查看商品,5.0,5.0,693186.12,2025-08-07
a756961f-eb51-4941-b02b-0e117a387133,联系商品,5.0,5.0,1997015.4,2025-08-07
87146a80-11b3-45a1-8edb-a73dab060220,支持商品,5.0,5.0,3998936.25,2025-08-05
fdfaf54b-79d4-4d62-90cd-a44c79889882,知道商品,5.0,5.0,194732.85,2025-07-18
f1f22a22-60f7-4079-a578-455ad89000fe,安全商品,5.0,5.0,6956720.64,2025-08-05
bda41d3f-d224-4442-8288-39d86c19b4a5,时间商品,5.0,5.0,4989128.38,2025-08-03
fa7c1484-21b8-4139-87d8-d56abaa6938f,如果商品,5.0,5.0,7331060.88,2025-07-13
e7d2a3af-9e4d-47d2-82b7-47c54315c639,报告商品,5.0,5.0,2697799.9,2025-07-27
6e39af26-6686-4046-9c2b-fad26e3a7e26,这样商品,5.0,5.0,136759.98,2025-07-27
40e8289f-07ec-4966-938d-c5498883c9e8,一切商品,5.0,5.0,1.90477605E7,2025-07-19
9e06464f-7830-44e2-b910-e8eb04f1c027,两个商品,5.0,5.0,682663.85,2025-07-31
404724ba-39e3-407c-9f7b-e060199cec91,不要商品,5.0,5.0,1.308683862E7,2025-07-16
ea89918c-a053-4e04-9a47-cf810ebdcdff,电影商品,5.0,5.0,761257.2,2025-07-31
7f1dfb33-58ec-41b9-adb2-bc14898cd149,两个商品,5.0,5.0,7899141.62,2025-08-07
60b7a214-e1ae-43b3-a90e-e41246a085f1,知道商品,5.0,5.0,1843941.12,2025-07-17
6aba7127-6f2b-4116-94d4-f44acc227517,程序商品,5.0,5.0,263325.6,2025-07-17
83abb9ec-c052-4dac-99f3-0e77f883192c,标准商品,5.0,5.0,1883145.68,2025-07-12
8a0febc0-5ce5-4185-84c1-39af60129104,继续商品,5.0,5.0,2904495.66,2025-07-22
4c82ad1f-3ee1-427f-8869-d9beedf20dca,时间商品,5.0,5.0,4565208.36,2025-07-25
6c24ce34-10d0-4cf3-b060-0e724774fc5d,系统商品,5.0,5.0,519244.76,2025-07-22
00be2eff-a23f-4032-9d24-cc20dbe8b1eb,企业商品,5.0,5.0,208260.72,2025-07-25
5a811032-e736-4e99-9843-c8dc35d2c627,正在商品,5.0,5.0,367500.0,2025-07-21
636c72ab-e509-4f6a-aee4-08cc553bb588,阅读商品,5.0,5.0,1820256.02,2025-08-01
b0330331-1f48-4559-bab6-49461d12c65a,音乐商品,5.0,5.0,234050.11,2025-07-10
dc44355a-4a9c-477c-8b91-e24018731e1c,网络商品,5.0,5.0,1427231.8,2025-08-01
2c5f0cbe-da5a-45e3-9896-28a8140dd00b,系统商品,5.0,5.0,53306.66,2025-07-18
fc50ac4d-2c20-4c8b-9031-f51922c2d302,资料商品,5.0,5.0,107887.0,2025-08-01
7cb77384-2e74-41fb-97f2-ba4fd4199f56,学校商品,5.0,5.0,118340.28,2025-07-23
69e3c58c-f070-4f64-9104-ef8f36613ceb,制作商品,5.0,5.0,2.3591912E7,2025-08-01
91483507-af36-4351-a0c0-52b750adc785,运行商品,5.0,5.0,5256646.98,2025-07-18
022fb4e0-c888-4023-af68-068f89170de4,制作商品,5.0,5.0,84585.72,2025-08-03
cd46938d-1f40-4b77-b9bb-63047e2e1586,相关商品,5.0,5.0,624294.72,2025-07-20
9d6d15df-666e-4640-aaad-a74862db9109,欢迎商品,5.0,5.0,40504.2,2025-08-03
fd4597dd-719c-43c0-9def-44641e613d2a,文化商品,5.0,5.0,874525.4,2025-08-02
64ba9ef4-7360-4ce5-b85c-8b526bf64e06,怎么商品,5.0,5.0,1128632.23,2025-07-20
6c31a30b-3e7e-4e38-9667-74055c9a9deb,可以商品,5.0,5.0,1.82036296E7,2025-08-03
0f5df891-b4c6-4fa5-a602-073c2518a9ed,为了商品,5.0,5.0,3797411.72,2025-07-19
d2619e34-2ec0-434e-90e9-61fd7bb943ce,阅读商品,5.0,5.0,7407.72,2025-07-22
765163ae-e784-49e0-bee4-7d2364518b98,美国商品,5.0,5.0,249190.9,2025-07-19
ad69a60c-a3b3-4bc4-bef9-e15504b3acab,名称商品,5.0,5.0,1351101.44,2025-07-15
b06e60e1-d1ac-4515-936b-ef5563188eaf,处理商品,5.0,5.0,224301.15,2025-08-07
657a7e41-e81d-40a6-9fff-8b269d1a7e30,等级商品,5.0,5.0,227514.15,2025-08-06
3c2e17ce-70a3-4835-acd9-29c65c093852,技术商品,5.0,5.0,17260.98,2025-07-24
cce15d95-15a3-4c51-847a-0a2b3b02e5c4,北京商品,5.0,5.0,324648.12,2025-08-06
81b77272-9040-4f6d-9b91-69c6541f3737,她的商品,5.0,5.0,5615920.14,2025-08-02
3091143f-3447-48aa-a46d-f76fec706786,今天商品,5.0,5.0,5116275.06,2025-07-19
9e1e7330-2c53-4709-be57-6ae08931199d,一切商品,5.0,5.0,1.174023477E7,2025-08-06
3a62f08d-d4c5-4fbd-b1cf-8230ec3237ec,留言商品,5.0,5.0,1978476.86,2025-07-11
7e85171a-7f6d-420a-8ced-b2db3dd2e429,出现商品,5.0,5.0,1.145248425E7,2025-08-06
7b329cb0-9587-4e81-a940-e62d0e805382,的人商品,5.0,5.0,1.253330832E7,2025-07-12
52eff8b7-e3c5-4d76-8336-a9ef48a0e676,手机商品,5.0,5.0,1272989.5,2025-07-23
713f3520-0f4e-423e-9a2b-97d2305c488e,显示商品,5.0,5.0,896415.66,2025-07-22
f3196507-5673-46d0-8f27-0632532718fd,目前商品,5.0,5.0,270333.36,2025-07-29
f3630259-c387-4c0b-b1b8-c319c7064f53,空间商品,5.0,5.0,19303.68,2025-07-31
4cbb2a6a-fa2e-463d-8481-5490fa5186b9,虽然商品,5.0,5.0,16857.19,2025-07-29
7c021179-fe7b-433d-ac29-900f3eb9878e,基本商品,5.0,5.0,35818.01,2025-07-15
cbadfebe-4c18-4db2-b84e-2547e54f61ac,过程商品,5.0,5.0,5827311.27,2025-07-29
785a2f47-71cf-4c13-8e41-fa3941a58dca,虽然商品,5.0,5.0,1.810935201E7,2025-07-15
905542c4-09f5-47ca-95da-8d9e2fc3d97e,开始商品,5.0,5.0,1.755618455E7,2025-07-29
5b59a616-f69e-4156-9a45-507c145d1e5e,免费商品,5.0,5.0,1239764.82,2025-07-15
c793609b-8ba2-4a6c-baf4-81cadb9eae20,部门商品,5.0,5.0,2242209.15,2025-07-17
635efe0f-0ed2-4a18-a613-5f796c849028,作品商品,5.0,5.0,2.136970115E7,2025-07-18
caa35248-3045-4f9c-9e07-ec0d6e8170bb,只是商品,5.0,5.0,5374866.75,2025-07-17
6f26e225-4003-4214-a547-289991af66b4,我们商品,5.0,5.0,1.010100572E7,2025-08-07
4eb6abd0-5e33-482f-9bed-b66c5170ee76,必须商品,5.0,5.0,495671.0,2025-07-24
e12c5938-cd13-42fd-85ac-9ec68b97d8ba,不是商品,5.0,5.0,338296.14,2025-08-01
c0cfd003-d098-43e3-ba26-1ee164c8fb65,不断商品,5.0,5.0,51806.16,2025-08-01
a9eefef0-d696-41fe-9b8a-ffbe2c708203,搜索商品,5.0,5.0,817719.6,2025-07-20
790267fb-73bc-45b1-aebd-afde16cc702e,电脑商品,5.0,5.0,5680526.28,2025-08-06
0a833045-e0ba-4750-9b75-a25e6a11ba2f,发生商品,5.0,5.0,3153723.62,2025-07-12
df1badb6-ca4e-4124-8318-622220d8f722,中文商品,5.0,5.0,1435659.45,2025-07-19
02056ff4-83b3-402d-8304-6f0b85433171,政府商品,5.0,5.0,800863.04,2025-07-16
da0f7e07-e50f-4605-9810-65b04263bba3,原因商品,5.0,5.0,1807208.45,2025-07-12
a4c41baa-4c4e-4264-a28f-b3f9082334f0,什么商品,5.0,5.0,59080.32,2025-07-21
2bd8505d-70f9-47d2-9c1f-aea78d13cf2e,一定商品,5.0,5.0,1.717730292E7,2025-07-12
bbc7500b-f4e8-4f7c-a034-b4433089fc93,因此商品,5.0,5.0,2799689.0,2025-08-05
8dd69c14-d8b0-4718-ba57-bd45f3b554d5,一种商品,5.0,5.0,649623.6,2025-07-28
fe6726f1-5a51-47e2-b0a8-a32a82e17a8b,不同商品,5.0,5.0,9683201.08,2025-07-09
758b0910-4345-426d-923c-d2b68046398b,开始商品,5.0,5.0,5318802.9,2025-07-18
a55879b6-04bc-4c39-90d0-ada6c93e3f7a,而且商品,5.0,5.0,926614.8,2025-08-06
69fdc539-71c7-498d-9479-3c9568f6c463,只有商品,5.0,5.0,7670318.95,2025-07-18
d66f4271-55ea-489a-bc68-202abdd90255,教育商品,5.0,5.0,2002277.34,2025-07-22
776014ab-a465-4a47-87d3-a763d2ade828,两个商品,5.0,5.0,223386.72,2025-07-18
a11671da-c10c-4a0c-87b3-5c4123e14b35,生活商品,5.0,5.0,4244655.98,2025-07-18
b7c188e6-9cc0-4ae8-9773-5b569674a80b,表示商品,5.0,5.0,3215590.0,2025-07-21
c6e7f7d6-9ce8-43f5-8f66-79fe67eaea65,市场商品,5.0,5.0,2088208.12,2025-07-22
ec67de1a-f8a3-4c67-b915-357e06ec1d41,教育商品,5.0,5.0,636076.8,2025-07-19
64872d44-92ed-4f57-9cdb-027ef22d3463,价格商品,5.0,5.0,916650.8,2025-07-27
3fc70bfe-3dab-4271-b433-26b78af6ac4e,国家商品,5.0,5.0,152899.89,2025-07-19
29aaa707-de97-4b7f-921d-77a2b75175df,状态商品,5.0,5.0,295535.73,2025-07-22
5df6d280-caa3-4eab-888c-b911af644273,品牌商品,5.0,5.0,1172388.25,2025-07-19
a5c37b90-b6c8-474f-a0cc-96604e793976,下载商品,5.0,5.0,923258.78,2025-07-31
dcb2261d-2398-4663-bda7-cf8086fe2c6f,学习商品,5.0,5.0,124021.17,2025-07-10
f683495e-39c6-4736-bd3b-7ad29e493d23,看到商品,5.0,5.0,848395.72,2025-07-31
8317df7b-3b7e-4e33-843c-3d34622a643c,威望商品,5.0,5.0,164520.56,2025-07-10
4e576381-7162-4785-bbc1-ce7d0568fd1c,相关商品,5.0,5.0,6504.3,2025-07-17
f0a81024-817e-4a36-be43-825e527d7dd0,应该商品,5.0,5.0,3321257.68,2025-07-10
4e41f976-1891-45d6-adff-8b6da16255bc,深圳商品,5.0,5.0,2240701.38,2025-08-02
e243056f-c083-4e40-8283-4993b88d8f1c,如果商品,5.0,5.0,1377981.72,2025-07-17
eea75a76-96d1-4e32-81b2-383b78c8bf64,原因商品,5.0,5.0,192230.86,2025-07-17
3a47fc0e-de92-4400-83ed-dd78a82e01a5,不会商品,5.0,5.0,46266.21,2025-07-17
5834b5c9-a92c-47dd-9720-fde5739f5d58,全国商品,5.0,5.0,2163669.51,2025-07-27
bde697b7-77f3-451f-8ef8-78e9ccab8b69,上海商品,5.0,5.0,570891.78,2025-08-06
7cce7f26-839b-489a-bd20-a0722854dd84,工具商品,5.0,5.0,94538.8,2025-07-27
bd55a700-6421-4975-a76e-85d9e5297ae4,部分商品,5.0,5.0,144548.88,2025-08-01
af23c745-e46c-43e8-9126-2866ab54c445,自己商品,5.0,5.0,1555177.68,2025-07-22
b9ff18b2-cc16-413c-94b3-ca3ea8d600d1,地方商品,5.0,5.0,2.6656098E7,2025-07-21
3e4ef8cc-747f-4df2-84e2-26b2046b091b,地方商品,5.0,5.0,43979.04,2025-07-22
a42e425c-340e-46e5-bbf4-f8eb3d793a1f,本站商品,5.0,5.0,4580870.9,2025-07-21
ab0ac263-4419-49e8-b57c-c684f258f0d9,关于商品,5.0,5.0,2330.42,2025-08-02
d04e1701-8beb-42fd-89dc-2601346497a1,你的商品,5.0,5.0,2463519.76,2025-07-11
115c1164-a15a-4ac5-9c1d-70038125c71e,积分商品,5.0,5.0,2987608.58,2025-07-23
c757fb24-eadf-47d6-b2d6-c1b7c220e7de,进行商品,5.0,5.0,1335655.03,2025-07-17
31bdf4af-144f-4cc3-8ef1-997e2624adf9,那个商品,5.0,5.0,1018096.14,2025-07-19
6d4bdd83-7411-4a9c-9f9d-ff721b192080,那些商品,5.0,5.0,7054273.6,2025-07-13
60fb0c07-6b35-4403-8b62-8d00a4990155,加入商品,5.0,5.0,3143795.87,2025-08-06
caa1addf-f22a-4d1c-89ea-21166a046280,你的商品,5.0,5.0,1.09225107E7,2025-07-13
35f87001-9cbe-4178-a752-af89804bd5ac,只有商品,5.0,5.0,1.901922426E7,2025-07-25
56ff8dbe-9e0c-452c-97a0-eb02cb0b1cba,推荐商品,5.0,5.0,1696460.22,2025-07-13
8bcc63fd-f48b-4314-a9a1-f7b9a14aee6d,有些商品,5.0,5.0,1.752884368E7,2025-07-27
94d4c3f0-8ffe-41e3-bd0b-0466e88975e3,什么商品,5.0,5.0,389065.86,2025-08-02
05b3c1ec-da16-4f6c-bb4e-490f2a4a1d4e,只有商品,5.0,5.0,8391212.46,2025-07-12
8bfcc316-8f54-4579-8609-c217184d8714,不过商品,5.0,5.0,1672002.33,2025-07-12
59c5cf77-9ab7-49ed-9be8-408af587094d,免费商品,5.0,5.0,6829036.68,2025-07-29
98b3ac2f-8e5d-4a8d-8260-0b1415907930,价格商品,5.0,5.0,2766138.39,2025-07-25
53d753d9-8b55-4b25-8e57-bbeca0453095,一个商品,5.0,5.0,1.370870888E7,2025-07-29
71b29984-235f-4687-902b-a4b17effa429,中国商品,5.0,5.0,30995.52,2025-07-12
56fc5b5e-67b5-4cf4-8f8d-d882311dd402,其中商品,5.0,5.0,1.853911724E7,2025-08-02
8c739600-37fb-41f0-bdd0-0bdb906c748a,社会商品,5.0,5.0,186549.0,2025-07-10
a79062d8-620b-4f7a-ba31-c4c8ab62fc03,注意商品,5.0,5.0,1711770.57,2025-07-10
95d90b80-4be3-4459-b975-ceca73d77551,经验商品,5.0,5.0,1696904.24,2025-08-05
6db79cc3-e547-47b3-a7e9-cf0644d37949,什么商品,5.0,5.0,101405.9,2025-07-22
22add5e9-ac9f-410b-8641-543342f56c23,看到商品,5.0,5.0,5258976.94,2025-07-25
91fd2900-9bce-473a-9430-1d0c1aa10651,安全商品,5.0,5.0,1307545.89,2025-07-22
1149ae05-9d68-4485-bd6c-56d5edc4071b,最大商品,5.0,5.0,1211162.56,2025-07-25
5cbc1eb0-f4e2-4040-adfb-66def20953fb,等级商品,5.0,5.0,154757.15,2025-07-18
2936b544-afe8-494d-8299-c275148bcaf3,这种商品,5.0,5.0,690401.8,2025-07-25
ba2387b2-c1d9-43ee-a515-7da73c9926b9,最后商品,5.0,5.0,2815639.2,2025-07-24
3d6bed26-0900-4b6e-93dc-5f93f9328612,然后商品,5.0,5.0,1575263.9,2025-07-25
9b6e7bee-1ce2-493d-b3f4-ba332845f0e2,或者商品,5.0,5.0,4254451.15,2025-08-01
2b95e01b-b024-4a49-bc37-7746de2ed83f,如何商品,5.0,5.0,3641135.75,2025-07-13
772c130c-8c47-461e-842b-e194aeb962be,今年商品,5.0,5.0,96427.39,2025-07-09
29bc7a71-cc65-4639-b382-0c0b011c86b7,类型商品,5.0,5.0,1566216.18,2025-07-13
edd4c4f9-eaef-4491-8348-7448b7d71980,就是商品,5.0,5.0,158827.57,2025-08-07
c884164c-5574-44ff-bc4a-b8bcba1aa620,留言商品,5.0,5.0,418462.18,2025-08-06
476eb747-4c3b-4bb0-a825-5945b570cd7d,学生商品,5.0,5.0,7354264.3,2025-07-27
28fb692d-f2f7-4c86-b065-2dfeab192cfa,设计商品,5.0,5.0,1187836.38,2025-07-30
e24833d5-7363-42ec-9b55-d2d937a8d0f9,喜欢商品,5.0,5.0,6200142.48,2025-07-19
c5df2d8a-82bd-4e95-b34f-885ee68db564,还有商品,5.0,5.0,1485858.46,2025-07-30
09098567-ad26-484b-8c70-b9963d626b2f,建设商品,5.0,5.0,2308789.0,2025-07-25
6db4ac32-fa00-41a6-84f3-3d71bbbdbdb7,汽车商品,5.0,5.0,658348.44,2025-07-30
9485b93e-7304-4188-93be-4d71a81f7025,等级商品,5.0,5.0,592157.5,2025-08-02
7ae9725a-be70-4d30-bb3d-47050ef80667,发生商品,5.0,5.0,2.590829332E7,2025-07-19
3152d7b2-b6aa-49b7-99e4-1190a7163457,然后商品,5.0,5.0,7527105.54,2025-07-26
afa1d994-a337-4716-ba51-6a7552f86a4c,密码商品,5.0,5.0,683513.04,2025-07-19
01ae2ac9-4ddb-463c-92e9-04050ff4b3ee,部分商品,5.0,5.0,2878622.5,2025-07-25
4b6039c3-3624-4e7b-92d8-2bec728b12dd,说明商品,5.0,5.0,1526916.88,2025-07-19
66d5a9af-7800-4f71-ae44-e2cf380ec05e,时候商品,5.0,5.0,1619564.16,2025-07-27
f7705dd9-aba0-4076-8e92-f9e98ac37feb,必须商品,5.0,5.0,942915.55,2025-07-11
d391a768-8a7e-4ee3-b95f-2fd3914ecd4a,文化商品,5.0,5.0,660415.35,2025-07-23
ed0a6e2a-5119-42d6-9d36-bf51d3bfbf86,方面商品,5.0,5.0,474011.65,2025-07-25
befaee30-fbff-44b3-9a28-f4e82b1a3ce2,我们商品,5.0,5.0,925382.79,2025-07-22
af52fd54-dda8-423d-bc17-f9ec043c6cd8,看到商品,5.0,5.0,67130.1,2025-07-25
b3571282-9567-4b66-b16b-8f01e42c4ae1,原因商品,5.0,5.0,286023.67,2025-08-06
dc782fb4-7e95-4ae5-b333-b67b38d1cd99,直接商品,5.0,5.0,9722274.36,2025-07-19
3c79c0be-c964-4bb2-983b-8a1c50ccb5d7,进入商品,5.0,5.0,546112.65,2025-07-25
42ea4920-aad5-470a-a1a9-131aec9cfb54,使用商品,5.0,5.0,2148446.83,2025-07-19
363fb591-1fc3-4f6c-95b4-45d0f442e1da,管理商品,5.0,5.0,1216471.76,2025-07-25
d79cd5ee-fb63-4eb6-a31b-07c12aa40b72,目前商品,5.0,5.0,125199.55,2025-07-19
9e0aaadf-4904-48ad-838d-5348f3544dc8,大学商品,5.0,5.0,280420.14,2025-07-25
033929ed-fb85-425a-b66b-4fc40378a558,目前商品,5.0,5.0,1552881.12,2025-07-19
f894681f-2490-4309-b834-fdfba594a6d7,商品商品,5.0,5.0,806112.3,2025-08-06
c9f71177-507f-457f-a9d6-ae277f516738,东西商品,5.0,5.0,2.93400306E7,2025-07-19
4fa914f0-ad19-4c00-bdcc-8fd27160331c,他们商品,5.0,5.0,86772.4,2025-07-10
dcad6414-089b-406a-abe7-43bf08db37e6,你们商品,5.0,5.0,687299.4,2025-07-14
53ba6e4a-41a8-428c-8fa1-c1fbebbea223,注意商品,5.0,5.0,799599.7,2025-07-14
834578e9-009c-4f88-b58c-290aba9ffe32,但是商品,5.0,5.0,222783.75,2025-07-12
8c16aef8-17c2-4c21-aa26-d2b1c3740d1d,通过商品,5.0,5.0,130421.34,2025-07-29
f0da6476-789b-43e6-9507-4944b0e5d019,他的商品,5.0,5.0,1694636.3,2025-07-30
af83c31f-b07e-462a-91ae-859ade7a0604,标准商品,5.0,5.0,561242.22,2025-08-05
77198aad-7676-4cfe-bb05-973e9281da02,如果商品,5.0,5.0,2108601.32,2025-08-05
88097631-8f3d-45a7-b628-5fb91a269224,价格商品,5.0,5.0,2286650.0,2025-07-25
f345b018-7769-49f2-94b8-a7dc46a5183f,有些商品,5.0,5.0,2880046.75,2025-08-05
2d30b7de-0e27-4811-8b93-ec16f3e5ac64,认为商品,5.0,5.0,62105.4,2025-08-01
630e7be6-5197-4a41-8e08-76e61e7a6329,最新商品,5.0,5.0,3647523.0,2025-07-22
345f20db-eeea-4737-abc4-b592819af5fe,今年商品,5.0,5.0,90709.74,2025-08-03
a29ceb52-2a72-4530-aac3-6099ab3cf561,注册商品,5.0,5.0,1796528.2,2025-07-22
42eca6c5-c373-4101-837c-b803350d97fc,知道商品,5.0,5.0,453084.98,2025-07-12
278f04e3-b0fb-4357-9159-46b9fa5039b1,谢谢商品,5.0,5.0,707403.92,2025-07-22
b429f8cd-470f-4ade-993c-68119081f66b,完成商品,5.0,5.0,95531.52,2025-08-06
e934a846-2dbd-4e96-a85a-acf8a6bae50d,学校商品,5.0,5.0,3493802.55,2025-07-10
8fb39bc6-992d-4de7-93f8-a973cbfa9e11,文章商品,5.0,5.0,856865.24,2025-07-22
87aee0ed-3d30-4d2f-a49c-b597488ef003,解决商品,5.0,5.0,1.178962876E7,2025-07-17
c4ce63fa-3f1b-4654-9d88-b324f6254b18,安全商品,5.0,5.0,3.014805955E7,2025-07-25
1c4f2500-2a20-4501-b73d-9b14eb7b3b30,不要商品,5.0,5.0,2.067889524E7,2025-07-20
8aac3302-ff59-4b69-9d2a-860d1ac41166,其他商品,5.0,5.0,1156588.2,2025-07-09
99e1fc4e-1841-4b9f-9e5c-1d6b4ddd9f14,必须商品,5.0,5.0,1.232848026E7,2025-07-27
2d7c45bd-c65a-49e8-af31-e07764e6009e,然后商品,5.0,5.0,89019.0,2025-07-09
734afecb-2465-4820-a9fd-cfa2d814becd,环境商品,5.0,5.0,563378.5,2025-08-02
31d70420-c20b-409f-a4a0-559988e149a9,有些商品,5.0,5.0,3110025.06,2025-08-04
b490b71e-63a5-4317-9214-f060a89a9ad9,对于商品,5.0,5.0,3283106.33,2025-07-11
6201d2ca-b1ea-4962-a56b-8358d36b4f7c,商品商品,5.0,5.0,116382.18,2025-07-29
f997cfce-ed5a-472f-ac6f-66740ee9f082,国际商品,5.0,5.0,1056008.43,2025-07-11
625d5203-4f6b-44a9-b0e3-663906715a63,开始商品,5.0,5.0,1.733729156E7,2025-07-11
161f8559-90fa-4881-82c4-0ea3cfc039fa,日期商品,5.0,5.0,724839.63,2025-07-11
0a9a08a0-08e4-4f0e-a2fc-0755433b6093,要求商品,5.0,5.0,1.600686054E7,2025-07-13
c0173266-e506-4516-9a78-3f6904fbc389,事情商品,5.0,5.0,3407719.36,2025-07-21
e309c5ff-2074-4f66-a454-296b50a81b87,广告商品,5.0,5.0,1805520.5,2025-07-25
6d4a399b-24c1-4c86-8b3b-8806cb828097,世界商品,5.0,5.0,3980201.49,2025-08-07
214a4e84-2e01-4f7b-95b5-63a90337ece6,主题商品,5.0,5.0,210841.0,2025-07-25
23ff88cd-6722-4e18-a498-f21cf616e767,本站商品,5.0,5.0,199819.48,2025-07-19
0206bc2d-126f-4836-82e1-64c7aa43bfa7,根据商品,5.0,5.0,4108.0,2025-07-22
988c1739-4b7e-4408-9526-ae81544d5d23,文章商品,5.0,5.0,9483057.54,2025-07-23
dbb2bc1a-01fe-4637-a245-a5b21e0f8f08,什么商品,5.0,5.0,1300895.14,2025-07-11
6d27fe29-5135-4f87-a29d-0300ff7c7789,设计商品,5.0,5.0,3709578.88,2025-07-30
13cb0bcf-e1be-4631-bfc6-5d47be058670,法律商品,5.0,5.0,496902.24,2025-07-14
e76d34c7-444a-43be-a913-645fa097a7bc,一直商品,5.0,5.0,2189770.8,2025-07-30
f99ecc1a-71f3-4eed-b949-3ec653d4c31c,活动商品,5.0,5.0,1.684792408E7,2025-07-14
f3a9a5a6-d64b-469c-aa97-4bfd38df5d7e,出现商品,5.0,5.0,2.684308893E7,2025-08-07
d37b140f-233f-4b4f-ba42-10491f81b8e7,方法商品,5.0,5.0,2.825041032E7,2025-08-01
1c207d2e-2841-4965-a444-b5e839f38402,音乐商品,5.0,5.0,5074623.36,2025-08-07
638460a2-6312-4974-8b76-28da101c14be,国际商品,5.0,5.0,1132681.44,2025-07-26
ce04679c-8829-45d9-92c5-eba3e3b54b28,国内商品,5.0,5.0,729933.93,2025-08-07
ab2a9a93-025e-462b-b4b2-992b41cb2a35,规定商品,5.0,5.0,247980.7,2025-08-04
76317296-3514-4153-9ca8-eb1da724f976,科技商品,5.0,5.0,670594.92,2025-07-20
d4f82a88-1ed8-46f9-8978-b9b4957e7da3,他们商品,5.0,5.0,841286.82,2025-07-28
d9eba071-a27c-4a12-82c2-5c213f0b2bc6,首页商品,5.0,5.0,258397.14,2025-07-23
7edff0c9-c471-4f15-989c-d6b4afafd5f7,之间商品,5.0,5.0,1337972.72,2025-07-19
da5224e5-c8ab-48d7-a8a3-347754de44e7,之后商品,5.0,5.0,1099975.25,2025-07-26
af71f5d5-58be-483c-be28-a6a4c35b1e0e,关系商品,5.0,5.0,310490.9,2025-08-02
e8838b56-9022-4f20-a543-fe218a6f93d3,的是商品,5.0,5.0,7111974.76,2025-08-03
004fa7f9-dd0a-41a9-a96f-f9093e62f196,对于商品,5.0,5.0,148981.2,2025-08-02
0a3e4657-a7ab-4c7c-94a6-724d75c87353,地区商品,5.0,5.0,5066309.16,2025-07-16
7b3cec52-31e0-4c9c-af4b-26622471f491,名称商品,5.0,5.0,1.61554809E7,2025-07-22
a2248a59-bb21-4d87-ac93-4b2087ba1f7a,很多商品,5.0,5.0,32291.0,2025-07-16
ff330a8a-1ddb-4210-a67d-9fca01e17551,计划商品,5.0,5.0,5276167.52,2025-07-12
f4864816-df8c-435a-a5c9-7d9b43ad65a1,也是商品,5.0,5.0,879093.9,2025-07-16
147f0d48-05e6-4ac6-891d-506fdd15baa1,信息商品,5.0,5.0,93700.8,2025-07-21
e893841f-ea58-47dd-be37-742aa7b4375e,特别商品,5.0,5.0,17562.4,2025-08-07
d8ff169e-9046-4e7b-897f-a415fe9b10c7,电脑商品,5.0,5.0,1067908.3,2025-07-22
b65a6c3d-15cf-401e-9bfc-6c6b0d8f630b,专业商品,5.0,5.0,2939398.8,2025-08-07
06b885f0-9491-4ddb-b606-8b4632b6d263,部门商品,5.0,5.0,2019356.5,2025-07-14
288f7be6-699f-43ca-ad8b-97f70741c37e,设备商品,5.0,5.0,571429.56,2025-08-07
3ad73f93-88a1-457d-a0ff-1c9ef0b1c3a3,的是商品,5.0,5.0,5333537.16,2025-08-01
b7630078-afc4-403d-b3da-e8fa06de788a,市场商品,5.0,5.0,227615.27,2025-08-07
c741697e-2bdc-413c-b1b4-05eeea71a621,发现商品,5.0,5.0,513438.12,2025-08-01
9a1a040f-dde6-4a11-9698-0d1531ac79c7,所以商品,5.0,5.0,239496.3,2025-07-26
d2a49a1d-0179-465b-b4fd-76c430a4c160,语言商品,5.0,5.0,1784931.72,2025-07-20
c6e3d298-c375-4a00-ba70-999a3f816515,处理商品,5.0,5.0,1678737.08,2025-08-06
47687702-fea6-4b44-8442-3070367795eb,简介商品,5.0,5.0,1292085.0,2025-07-12
4a812c74-bdde-4fad-a617-1578293469bd,制作商品,5.0,5.0,1118425.0,2025-08-01
6d84d534-5866-4df3-bff1-5f9df061258e,安全商品,5.0,5.0,1765610.75,2025-07-21
cf9b6763-1252-4b3f-bc3f-e7cd857dc5ef,知道商品,5.0,5.0,1255790.46,2025-08-01
b288b19c-dbd2-47c5-9fc5-76068fff0ee7,为了商品,5.0,5.0,5418060.84,2025-07-16
48812b26-f1be-454c-9902-bd6e88ed6b90,软件商品,5.0,5.0,139580.91,2025-07-13
bbc45004-5b6b-4d4e-8239-25385702a123,到了商品,5.0,5.0,297437.88,2025-07-26
bee1a009-01af-498f-a2f7-080734e0874e,就是商品,5.0,5.0,1776546.38,2025-07-23
b7eeab0c-151f-44e3-876a-8ec53da5bef3,开始商品,5.0,5.0,1721264.5,2025-07-14
892e03a2-63f2-4f8c-b36c-d3a6a988ea6f,项目商品,5.0,5.0,134356.24,2025-07-20
22699724-04f7-45fc-81de-88452f93b40c,正在商品,5.0,5.0,42527.54,2025-08-01
b2dc3553-b4e4-4f13-8c4b-0eca31128e2b,游戏商品,5.0,5.0,1.29239373E7,2025-07-13
3cef1239-e56f-4841-88f2-b7b683eee216,相关商品,5.0,5.0,31199.85,2025-07-31
7db8dee3-900b-40a2-b575-744fdb31c777,的话商品,5.0,5.0,474200.4,2025-08-04
64f782d5-5588-441f-b9df-ed93b0c2d583,主要商品,5.0,5.0,2653922.7,2025-08-07
79998331-0328-451b-b8ed-00d8de19c9e4,对于商品,5.0,5.0,127647.27,2025-08-04
f1c06753-291e-443b-9997-665cf350472a,控制商品,5.0,5.0,5712185.6,2025-07-18
671963f0-8dfe-4b15-bd40-e2b4aff0e9a3,能够商品,5.0,5.0,11791.8,2025-08-04
5bb9b56d-f540-4a0e-bf3a-c1b70447597e,直接商品,5.0,5.0,1030458.16,2025-07-21
1c17d278-e0b8-488b-95f0-4159a6d3b157,城市商品,5.0,5.0,490066.2,2025-07-11
d766d761-2f8d-4408-ac37-571d5b3a15ee,建设商品,5.0,5.0,1.169486712E7,2025-07-09
30d82264-0403-4e36-b39d-bc8c2c6020cd,首页商品,5.0,5.0,619.64,2025-07-11
bec3dac9-54ed-4c3e-b2f7-49d7827d9ed2,相关商品,5.0,5.0,1.286642E7,2025-07-30
1ba0e514-1495-48d7-8331-445f473531f5,下载商品,5.0,5.0,7902607.35,2025-07-10
f6091f55-a23e-4aee-a85d-8f2f2c4a82a2,说明商品,5.0,5.0,1402219.28,2025-08-01
cec3b3af-82ae-445b-80a8-752df14e8770,也是商品,5.0,5.0,4065573.6,2025-07-10
ad8ca8ad-9bb3-49c8-a4c1-406b6b10ceb7,类型商品,5.0,5.0,2986544.8,2025-07-21
abdd3670-1b4b-4e0b-848e-2d133b9af737,社区商品,5.0,5.0,199485.44,2025-07-28
112c1661-f6ca-40e9-a8e6-f662ee85f79e,一定商品,5.0,5.0,3898175.19,2025-07-16
4b4496ef-dde1-4b36-bf03-b23e4503108e,喜欢商品,5.0,5.0,1676136.91,2025-07-19
64d26e52-5dd6-4d00-8d70-91fce3724736,这种商品,5.0,5.0,39663.15,2025-07-23
42e0e00d-e8c2-4996-997a-dfc39a9f5f1b,一点商品,5.0,5.0,1432481.27,2025-07-20
2c3dbec6-0178-462f-8bd2-1a5dac6ddd14,认为商品,5.0,5.0,649780.8,2025-07-10
457880e0-3f75-4061-8c80-9a6961984533,新闻商品,5.0,5.0,1.478017161E7,2025-07-20
7c3c4e77-9476-437c-a5d6-8ce5b8454529,当前商品,5.0,5.0,86867.49,2025-07-15
3c6ec06c-8ac9-4ac8-afac-2ccc9acd97d3,方式商品,5.0,5.0,613895.45,2025-08-06
68449784-e130-4796-96d9-40567e15b900,电影商品,5.0,5.0,6694264.88,2025-07-14
f671e8a3-648e-4d0f-9412-b28177090599,必须商品,5.0,5.0,173728.32,2025-08-06
9d30a298-8234-4a9d-829f-22ecc7c48d03,中文商品,5.0,5.0,614017.9,2025-08-01
76ddd3c3-a2dd-410b-9584-5048e2aa9195,电话商品,5.0,5.0,3241627.34,2025-08-04
05d853d4-c879-4973-9fe6-b0ca805a9605,怎么商品,5.0,5.0,810927.0,2025-07-17
d90cce83-a021-4be0-aa4a-93db9777bcb2,有关商品,5.0,5.0,918256.2,2025-08-04
54e961c4-d7d1-4a9b-965f-d8d0efb828b6,必须商品,5.0,5.0,32605.98,2025-07-25
318d9c48-17b7-419a-ab57-f54d4b96b497,操作商品,5.0,5.0,55840.8,2025-07-29
df6bfc49-798c-4052-ad72-432ddef60a80,根据商品,5.0,5.0,56547.1,2025-07-30
34e92be1-c9f6-4e34-bc32-a139e8b54c39,文章商品,5.0,5.0,283810.72,2025-07-29
77a4c1c4-d078-4d25-bf80-eb1083882b18,其他商品,5.0,5.0,8979755.75,2025-07-22
e94f698c-a89d-4e52-9e6b-2b4cae42291a,你的商品,5.0,5.0,92350.72,2025-07-29
33d4104c-da76-4d31-99ff-f3736ead7915,开始商品,5.0,5.0,4160034.56,2025-07-19
2518efd9-b3cf-4b17-9024-48a6e6979f33,看到商品,5.0,5.0,1.706459136E7,2025-07-29
f06e04f8-42af-45ae-a3a4-684456f16029,一个商品,5.0,5.0,418934.0,2025-07-12
b80062a6-9821-4456-9dcf-8ddffa260511,不要商品,5.0,5.0,15030.51,2025-07-24
6e5c5981-0ef9-4a3a-8d42-699757bb4618,相关商品,5.0,5.0,5056206.75,2025-07-24
9161d842-b625-4bae-bdec-43113db7cc81,处理商品,5.0,5.0,377640.96,2025-07-24
bc496f4b-3458-49dc-9875-aedb45a71333,标题商品,5.0,5.0,711816.42,2025-07-11
c864f272-d6be-4f59-a58a-ee19009345dc,语言商品,5.0,5.0,2150313.55,2025-07-24
1e817259-79f7-46b7-b9a7-5e3d078e6358,帖子商品,5.0,5.0,1700774.68,2025-07-21
22fec658-8b06-458b-92b7-c31f0ebbdf02,文章商品,5.0,5.0,80425.98,2025-07-19
1e5b360c-a85f-4a37-9a2f-303b7af1f1fa,原因商品,5.0,5.0,130361.46,2025-07-18
0ef65d62-8283-497e-86fe-bbc533ef344a,通过商品,5.0,5.0,2847462.6,2025-07-19
b7364c85-401b-427c-90b1-7eb51715e876,方法商品,5.0,5.0,53569.04,2025-07-30
55b3d709-2aad-4646-866d-85ba13b9db03,成功商品,5.0,5.0,7532385.4,2025-08-03
4009f0b2-bbc4-4dfe-b374-ea8efa083ad5,实现商品,5.0,5.0,412513.95,2025-07-28
6377258c-22fe-47e0-baec-ceaf3a9e958d,地区商品,5.0,5.0,1659837.6,2025-07-31
3a0b9e2b-9784-4120-84a9-2256e54fcc6e,部门商品,5.0,5.0,409916.12,2025-07-10
44c7d1ff-712b-4cc9-9fc3-92c378853ca3,资源商品,5.0,5.0,9056149.8,2025-07-19
0c3ba7a7-06ff-4159-9974-b99cca4acb7f,一些商品,5.0,5.0,3491305.7,2025-07-09
b2f708e9-fa13-4068-9070-a9e14d881a4d,直接商品,5.0,5.0,1362855.0,2025-07-21
ad53dcbd-1bdd-4741-900c-ff8a43780078,国际商品,5.0,5.0,7555394.75,2025-07-20
3f3bab10-4728-4a32-a957-4c28bc982821,一次商品,5.0,5.0,2685396.13,2025-07-17
0522af0f-56c2-438f-b5ee-7e1f20e84398,学生商品,5.0,5.0,516673.28,2025-08-01
032a3fb5-6945-4692-b35d-ef9af2062e35,深圳商品,5.0,5.0,8564112.6,2025-07-10
85806a15-1e15-4665-98eb-d07486c3abfb,地方商品,5.0,5.0,1178085.12,2025-07-30
09f361f1-087c-48ed-832d-85e8e5bd1483,作为商品,5.0,5.0,581591.34,2025-07-10
d0080a5b-8892-4d68-950a-3df200c44c8d,时候商品,5.0,5.0,1897508.7,2025-08-01
4fc5c726-855b-4c36-93cf-f60e169d3b65,增加商品,5.0,5.0,8474522.34,2025-07-10
1ff286d4-c808-45fb-980e-c7fc2deaf630,任何商品,5.0,5.0,2830678.56,2025-07-28
acf8e485-ef47-4a81-aad4-293d4fcd7455,支持商品,5.0,5.0,585019.08,2025-07-22
00396b79-88f5-4f88-94c8-cdc0b5bc8027,密码商品,5.0,5.0,608873.02,2025-07-29
bce5e944-5f02-4d0f-b623-fd08baf9a6bd,精华商品,5.0,5.0,3469110.36,2025-07-22
d2583031-4f0d-4414-b017-3f09514cf69c,单位商品,5.0,5.0,610169.6,2025-07-14
c6484765-5fbf-4ab6-b045-0c28c8b20f96,学习商品,5.0,5.0,779206.6,2025-07-22
92250600-410c-41e1-abc9-b465d7fbcaca,汽车商品,5.0,5.0,1557211.32,2025-08-05
1000e29b-4e6f-472b-94be-94c464a6547d,最新商品,5.0,5.0,4009143.6,2025-07-14
7b87edc3-3448-406e-bf73-f05fa50ed1fb,直接商品,5.0,5.0,19314.33,2025-07-31
d6700e4e-afe4-429b-b5ab-b1de467bc9a3,包括商品,5.0,5.0,8225.5,2025-07-14
14dc0451-8bfd-4dfe-8dc6-c66168650214,什么商品,5.0,5.0,13334.29,2025-07-26
46c82486-7611-4c64-b484-b17a89c35067,基本商品,5.0,5.0,2244793.4,2025-07-14
63b84c7b-6e11-4546-916f-87b531d88e9c,时间商品,5.0,5.0,889878.12,2025-07-30
423aa0ce-068b-4b7a-9c84-94fa16fbc846,学习商品,5.0,5.0,114551.76,2025-07-26
432030da-c809-407c-b7c6-0ce0053df627,帮助商品,5.0,5.0,2037037.95,2025-08-07
be320c2a-3d15-400d-adf8-7d3161cdf27b,两个商品,5.0,5.0,957969.76,2025-07-17
60ea1b93-0eba-4483-b4d2-d2e490ca0bb0,虽然商品,5.0,5.0,1040348.32,2025-07-31
f8001bf7-f9b1-4ece-8aab-c419029ae10e,一样商品,5.0,5.0,595319.25,2025-08-07
5ad37478-6d83-4f92-b028-e8d87d18b973,经验商品,5.0,5.0,2324677.74,2025-08-05
8c613abb-f63b-46eb-ab88-204773832ffb,以下商品,5.0,5.0,1.034283456E7,2025-07-29
a74f90ae-3477-4202-8c11-a09e3e5608c8,具有商品,5.0,5.0,12795.25,2025-07-15
387b2cd8-4f5e-4217-b86b-5158f7760983,广告商品,5.0,5.0,203491.15,2025-07-29
c7cb52f1-04bf-4655-bd15-d6416a27a761,功能商品,5.0,5.0,1604944.0,2025-07-11
09711a95-bd72-46c1-9521-2b8b0c101684,美国商品,5.0,5.0,7084734.84,2025-07-29
a05cb3ff-f48e-4d17-9f09-2ec3ddee946b,自己商品,5.0,5.0,1.034711626E7,2025-07-20
